date,% WEIGHTED ILI,%UNWEIGHTED ILI,AGE 0-4,AGE 5-24,ILITOTAL,NUM. OF PROVIDERS,RESIDUALS,OT
2002-01-01 00:00:00,1.22262,1.16668,582,805,2060,754,-455871.1199576471,176569
2002-01-08 00:00:00,1.33344,1.2165,683,872,2267,785,4766.129432240647,186355
2002-01-15 00:00:00,1.31929,1.13057,642,878,2176,831,1249.65811256881,192469
2002-01-22 00:00:00,1.49484,1.25246,728,1045,2599,863,107.91623108409112,207512
2002-01-29 00:00:00,1.47195,1.30237,823,1189,2907,909,15524.070260971144,223208
2002-02-05 00:00:00,1.58094,1.40551,887,1272,3225,930,1299.1775650229538,229454
2002-02-12 00:00:00,1.49426,1.38437,851,1173,3097,923,-7326.476397528313,223712
2002-02-19 00:00:00,1.40569,1.32563,802,1166,2967,922,-5620.919851069571,223818
2002-02-26 00:00:00,1.6141,1.43475,834,978,2709,918,-38479.96420765703,188814
2002-03-05 00:00:00,1.45967,1.25433,857,1117,3049,937,39077.47129792062,243078
2002-03-12 00:00:00,1.59896,1.25757,804,1179,2957,928,-4674.243695392099,235136
2002-03-19 00:00:00,2.16697,1.58017,951,1404,3416,908,-22635.706964066805,216179
2002-03-26 00:00:00,2.57842,1.98008,915,937,2857,865,-79651.2212836335,144287
2002-04-02 00:00:00,2.38636,1.90428,1028,1019,3260,879,4137.420921690908,171193
2002-04-09 00:00:00,1.7362099999999998,1.5901,1068,1296,3729,926,55103.888080816105,234513
2002-04-16 00:00:00,2.06296,1.81559,1154,1798,4204,902,4357.1722121411,231550
2002-04-23 00:00:00,2.58113,2.41801,1373,2998,5696,927,12299.645421433554,235566
2002-04-30 00:00:00,2.93909,2.86635,1411,4064,7079,884,12565.43240159226,246969
2002-05-07 00:00:00,3.22539,3.16662,1606,4447,7782,889,14150.966221264534,245751
2002-05-14 00:00:00,3.06982,3.0155,1568,4224,7649,903,11988.327728781383,253656
2002-05-21 00:00:00,3.20044,2.9978,1694,3689,7228,871,-23269.015555762628,241110
2002-05-28 00:00:00,2.44888,2.31957,1336,2583,5606,857,-3411.5090816157463,241683
2002-06-04 00:00:00,2.1344,1.94707,1015,2103,4450,839,-38593.50734093244,228549
2002-06-11 00:00:00,1.99866,1.72985,880,1669,3810,835,-18848.39804264056,220250
2002-06-18 00:00:00,1.93849,1.51837,737,1321,2987,795,-38682.666824097454,196724
2002-06-25 00:00:00,1.41293,1.22616,624,1016,2439,775,-14517.0004843988,198913
2002-07-02 00:00:00,1.23472,1.05433,506,846,2028,741,-13269.34661822382,192349
2002-07-09 00:00:00,1.20005,1.07108,569,799,2082,735,1962.6734703163384,194383
2002-07-16 00:00:00,0.910135,0.8261200000000001,440,539,1467,669,-16540.4255981904,177577
2002-07-23 00:00:00,0.932265,0.8205049999999999,429,508,1445,682,-6569.201851724763,176111
2002-07-30 00:00:00,0.692175,0.630846,275,444,1075,655,-8626.329901540652,170406
2002-08-06 00:00:00,0.6694060000000001,0.63935,215,471,1005,613,-19349.191506550327,157191
2002-08-13 00:00:00,0.727705,0.586609,248,283,836,547,-9550.95753439897,142514
2002-08-20 00:00:00,0.717701,0.7730239999999999,264,262,740,406,-45763.2137117594,95728
2002-08-27 00:00:00,0.7893939999999999,0.790743,213,205,641,393,-4288.4810456488485,81063
2002-09-03 00:00:00,0.722129,0.711847,201,195,563,344,-9225.573883408157,79090
2002-09-10 00:00:00,0.591326,0.794637,198,187,620,341,912.97242671813,78023
2002-09-17 00:00:00,0.52307,0.586604,139,123,423,322,-31.74793108359154,72110
2002-09-24 00:00:00,0.4502359999999999,0.6159819999999999,122,124,441,322,-8512.416052012224,71593
2002-10-01 00:00:00,0.397421,0.4915069999999999,109,91,318,310,-4970.532121933706,64699
2002-10-08 00:00:00,0.448002,0.604341,137,141,441,308,2457.290468266729,72972
2002-10-15 00:00:00,0.474767,0.524478,98,98,365,301,4616.520852381327,69593
2002-10-22 00:00:00,0.453251,0.590692,112,139,420,302,-3779.141026088284,71103
2002-10-29 00:00:00,0.3521579999999999,0.505135,100,120,361,290,4070.625044473534,71466
2002-11-05 00:00:00,0.5253220000000001,0.634271,136,125,443,295,-1825.164440042252,69844
2002-11-12 00:00:00,0.492991,0.610118,120,131,421,283,2050.741126637382,69003
2002-11-19 00:00:00,0.542728,0.641227,159,144,450,277,-969.1160611879022,70178
2002-11-26 00:00:00,0.490347,0.661429,166,155,463,276,2503.7685810009425,70000
2002-12-03 00:00:00,0.7359140000000001,0.7926810000000001,177,182,519,271,-4571.123182245181,65474
2002-12-10 00:00:00,0.581771,0.639059,145,184,475,267,9751.66066287701,74328
2002-12-17 00:00:00,0.654162,0.636732,136,183,461,264,-7014.685191204175,72401
2002-12-24 00:00:00,0.749504,0.747829,135,221,533,268,-944.2019137638416,71273
2002-12-31 00:00:00,0.884021,0.960873,808,881,2442,830,182326.2120820552,254144
2003-01-07 00:00:00,1.02773,1.04325,913,1132,2932,931,12897.547276406607,281045
2003-01-14 00:00:00,1.28296,1.0545,878,1147,3031,974,-3938.433387828176,287436
2003-01-21 00:00:00,1.32661,1.11231,1006,1369,3475,1007,12358.555682354548,312412
2003-01-28 00:00:00,1.7730400000000002,1.41274,1207,2080,4690,1074,23186.71419910144,331980
2003-02-04 00:00:00,2.43814,1.7270299999999998,1542,2735,5790,1111,-424.2259835214936,335258
2003-02-11 00:00:00,2.72605,2.407,2185,4133,8385,1141,-1074.3051578838497,348359
2003-02-18 00:00:00,3.73192,3.10962,2561,5684,11141,1129,17077.204348689294,358275
2003-02-25 00:00:00,4.54894,4.30779,3247,4933,11742,1118,-81015.53743160923,272576
2003-03-04 00:00:00,5.39906,4.8303,4734,7817,18948,1189,117850.81555098738,392274
2003-03-11 00:00:00,7.38735,6.42905,6620,11550,24962,1173,-5405.297981195385,388269
2003-03-18 00:00:00,7.48097,6.86734,6434,9851,23699,1148,-49943.24537381169,345097
2003-03-25 00:00:00,7.627969999999999,7.064960000000001,5336,5231,16415,1122,-147195.61347695696,232344
2003-04-01 00:00:00,5.14051,4.55115,3391,2894,11332,1139,-4206.247512662143,248992
2003-04-08 00:00:00,2.89129,2.41833,1930,2299,7602,1160,-39197.28356671863,314349
2003-04-15 00:00:00,2.10429,1.80906,1679,1857,5583,1141,-25973.7528935906,308614
2003-04-22 00:00:00,1.88696,1.71202,1721,1604,4961,1084,-15503.16168010037,289774
2003-04-29 00:00:00,1.7766,1.5425,1487,1543,4436,1071,-6874.669714464282,287586
2003-05-06 00:00:00,1.46001,1.43787,1454,1448,4251,1054,-4325.303073207673,295646
2003-05-13 00:00:00,1.3778700000000002,1.32427,1420,1297,3824,986,-2376.894368446083,288762
2003-05-20 00:00:00,1.30532,1.30726,1301,1255,3691,1004,-2207.1351255283807,282347
2003-05-27 00:00:00,1.08691,1.03698,956,1038,2916,948,-10546.417719413645,281202
2003-06-03 00:00:00,0.991888,1.01032,925,910,2744,894,-9629.455772539775,271597
2003-06-10 00:00:00,1.02765,1.05249,878,888,2708,897,-4997.571618668968,257294
2003-06-17 00:00:00,1.0579,1.02009,730,826,2487,849,-20742.49589642108,243802
2003-06-24 00:00:00,0.849361,0.924419,760,733,2300,859,2386.383019327332,248805
2003-07-01 00:00:00,0.7471270000000001,0.7906449999999999,610,611,1858,828,-15183.955025619189,234998
2003-07-08 00:00:00,0.661708,0.80261,583,566,1705,774,-27806.940985533,212432
2003-07-15 00:00:00,0.6795140000000001,0.8361299999999999,545,573,1749,755,-1913.832437448204,209178
2003-07-22 00:00:00,0.633071,0.7924359999999999,501,511,1615,679,-2655.331185284973,203802
2003-07-29 00:00:00,0.569894,0.683588,470,404,1331,658,-50.18821550806752,194708
2003-08-05 00:00:00,0.591357,0.757452,435,491,1394,629,-14430.43435820879,184038
2003-08-12 00:00:00,0.589044,0.7885850000000001,449,443,1327,599,-13275.682480086893,168276
2003-08-19 00:00:00,0.6786399999999999,0.812171,451,380,1262,553,-13464.187594265182,155386
2003-08-26 00:00:00,0.637558,0.804463,375,349,1070,463,-21762.659798139157,133008
2003-09-02 00:00:00,0.8133090000000001,0.8777010000000001,391,308,1061,452,-8859.785468716625,120884
2003-09-09 00:00:00,0.834551,0.741453,355,309,987,443,9110.518240877922,133117
2003-09-16 00:00:00,0.616174,0.661022,307,240,851,426,-9998.255200917774,128740
2003-09-23 00:00:00,0.513286,0.715109,277,284,887,423,-4684.242440910151,124037
2003-09-30 00:00:00,0.351881,0.562241,238,183,698,408,4292.672523653964,124146
2003-10-07 00:00:00,0.542621,0.786808,233,205,710,381,-35446.23178005722,90238
2003-10-14 00:00:00,0.581036,0.860658,249,280,836,378,5977.335164437827,97135
2003-10-21 00:00:00,0.495486,0.689944,259,200,659,370,-43.50331258239749,95515
2003-10-28 00:00:00,0.6120899999999999,0.779691,260,230,719,363,-9546.555450982063,92216
2003-11-04 00:00:00,0.5314909999999999,0.6281439999999999,213,235,733,345,25252.699054102675,116693
2003-11-11 00:00:00,0.519987,0.902459,243,256,809,334,-21827.32006457765,89644
2003-11-18 00:00:00,0.574476,0.806443,256,256,770,335,12678.382692189029,95481
2003-11-25 00:00:00,0.663175,0.8748879999999999,259,265,799,333,-10189.820966617131,91326
2003-12-02 00:00:00,0.614691,0.993213,279,358,960,326,4051.824170340231,96656
2003-12-09 00:00:00,0.6568229999999999,0.876141,281,309,913,337,15197.368420861108,104207
2003-12-16 00:00:00,0.723016,0.948092,342,413,1122,341,9298.318107365803,118343
2003-12-23 00:00:00,0.6918569999999999,0.926943,322,416,1089,336,4193.22270373191,117483
2003-12-30 00:00:00,0.782758,0.971643,333,382,1116,364,-4412.924607782756,114857
2004-01-06 00:00:00,0.982275,0.897159,877,1256,3171,1176,232616.5786920695,353449
2004-01-13 00:00:00,1.01821,1.0224799999999998,1071,1373,3631,1187,-49299.49854887172,355116
2004-01-20 00:00:00,1.1768,1.06296,1240,1534,4019,1267,23131.64019476506,378094
2004-01-27 00:00:00,1.30121,1.14696,1190,1671,4369,1293,-6982.295568304195,380921
2004-02-03 00:00:00,1.27746,1.20495,1327,1718,4551,1302,-7675.760900213558,377692
2004-02-10 00:00:00,1.4038700000000002,1.3051700000000002,1497,1874,4969,1344,614.5445545425173,380718
2004-02-17 00:00:00,1.40301,1.28699,1531,1874,4983,1336,-1089.3443311348092,387182
2004-02-24 00:00:00,1.73975,1.59468,1490,1678,4713,1341,-94549.911932614,295546
2004-03-02 00:00:00,1.56894,1.39714,1538,2059,5407,1369,58142.05162803514,387004
2004-03-09 00:00:00,1.65927,1.44996,1551,2052,5428,1346,903.4393427579198,374356
2004-03-16 00:00:00,1.81341,1.61745,1670,2071,5755,1379,-14453.319286831247,355806
2004-03-23 00:00:00,2.37626,2.19112,1856,1807,5689,1288,-111241.65520030056,259639
2004-03-30 00:00:00,2.77052,2.56649,2252,1993,7279,1332,9465.226850163132,283617
2004-04-06 00:00:00,2.40064,2.17645,2010,2450,8041,1383,76758.06102135166,369455
2004-04-13 00:00:00,2.54155,2.20171,2188,2982,8323,1342,7907.570261155255,378024
2004-04-20 00:00:00,2.85871,2.53012,2199,3682,9328,1348,1955.1223382009196,368678
2004-04-27 00:00:00,3.55011,3.06524,2747,5364,12422,1334,27638.44671130122,405254
2004-05-04 00:00:00,4.58591,3.98061,3086,7650,16192,1303,17919.1653940666,406772
2004-05-11 00:00:00,5.05809,4.595680000000001,3626,8854,19369,1324,22346.214972899004,421461
2004-05-18 00:00:00,5.44151,4.75197,3834,8400,19931,1330,4430.934336291859,419426
2004-05-25 00:00:00,4.4729,4.17962,3720,6759,16630,1280,-28643.58995784563,397883
2004-06-01 00:00:00,3.6752,3.45359,2997,5343,13234,1268,-32441.70368465845,383196
2004-06-08 00:00:00,3.3353,3.15852,2728,4494,11601,1227,-38253.19788819039,367292
2004-06-15 00:00:00,2.7622400000000003,2.6732,2416,3513,9502,1185,-16487.460719764116,355454
2004-06-22 00:00:00,2.46844,2.35161,2145,2771,7900,1148,-31533.491042227422,335940
2004-06-29 00:00:00,2.00081,1.89243,1827,2133,6329,1103,-13094.700282478472,334438
2004-07-06 00:00:00,1.54319,1.5249,1422,1737,4816,1048,-29261.874199993093,315823
2004-07-13 00:00:00,1.50195,1.41134,1356,1603,4445,1000,-6999.468296192063,314948
2004-07-20 00:00:00,1.22918,1.25068,1096,1469,3825,978,-4484.669059985783,305833
2004-07-27 00:00:00,1.21854,1.20702,1117,1411,3646,971,-9532.801151050022,302065
2004-08-03 00:00:00,1.15832,1.07895,903,1136,2990,923,-24600.440908772987,277120
2004-08-10 00:00:00,1.249,1.14521,979,1115,3012,878,-24904.497242335052,263009
2004-08-17 00:00:00,1.16888,1.06124,805,926,2531,825,-22681.569791325863,238494
2004-08-24 00:00:00,1.0788799999999998,1.0568,687,695,2056,687,-53183.29145342435,194550
2004-08-31 00:00:00,1.23059,1.25193,693,678,2099,637,-21237.8514716666,167661
2004-09-07 00:00:00,1.14747,1.01419,548,594,1744,603,5179.627054950135,171960
2004-09-14 00:00:00,1.00254,1.04197,573,507,1614,582,-25960.72854924021,154899
2004-09-21 00:00:00,0.957569,0.954027,580,507,1628,587,15461.783820812709,170645
2004-09-28 00:00:00,0.8948370000000001,0.8482299999999999,497,452,1359,550,-11603.009493180349,160216
2004-10-05 00:00:00,0.798205,0.841872,426,390,1198,533,-22272.598484590708,142302
2004-10-12 00:00:00,0.757812,0.7308939999999999,389,361,1148,524,9919.566398485857,157068
2004-10-19 00:00:00,0.8259629999999999,0.713432,333,364,1068,507,-5179.362617958541,149699
2004-10-26 00:00:00,0.744927,0.6706770000000001,328,327,990,492,-5512.843235280918,147612
2004-11-02 00:00:00,0.787049,0.689278,331,326,982,488,-6653.325215071614,142468
2004-11-09 00:00:00,0.684724,0.704929,319,350,1023,479,495.7052288903215,145121
2004-11-16 00:00:00,0.7473609999999999,0.615903,330,326,928,480,7647.692662915011,150673
2004-11-23 00:00:00,0.673974,0.609426,292,311,922,428,-2270.1065939150867,151290
2004-11-30 00:00:00,0.869662,0.6802590000000001,342,367,1033,420,7921.754029502452,151854
2004-12-07 00:00:00,0.8995290000000001,0.7754880000000001,338,396,1061,416,-13015.216541376576,136817
2004-12-14 00:00:00,0.854635,0.6834210000000001,302,383,1026,408,6489.180592602323,150127
2004-12-21 00:00:00,1.01123,0.781075,368,516,1219,419,6834.186585831281,156067
2004-12-28 00:00:00,0.977808,0.8069430000000001,381,484,1204,447,-5580.667654624704,149205
2005-01-04 00:00:00,1.1777799999999998,1.07635,1172,1256,3586,1113,173062.91129726978,333164
2005-01-11 00:00:00,1.21947,1.05869,1285,1247,3582,1160,-26137.782081816757,338343
2005-01-18 00:00:00,1.3069,1.11523,1393,1525,4122,1216,14229.402403342712,369609
2005-01-25 00:00:00,1.33931,1.12381,1439,1599,4248,1237,6268.890922383813,377999
2005-02-01 00:00:00,1.58374,1.25489,1639,1894,5005,1280,19218.547245681053,398840
2005-02-08 00:00:00,1.47072,1.33661,1563,1929,5038,1272,-23961.63206406485,376924
2005-02-15 00:00:00,1.6112,1.37864,1679,1951,5276,1277,-2779.17743120261,382697
2005-02-22 00:00:00,1.82699,1.60829,1666,1593,4802,1301,-84107.21880938282,298578
2005-03-01 00:00:00,1.77482,1.48311,1858,2176,5966,1325,64629.79401103477,402264
2005-03-08 00:00:00,1.94451,1.6537400000000002,1987,2463,6371,1328,2326.1871903548017,385248
2005-03-15 00:00:00,2.35512,2.00679,2241,3063,7697,1318,-5211.414756366401,383548
2005-03-22 00:00:00,3.10878,2.56857,2696,3058,8577,1287,-51617.297560127336,333921
2005-03-29 00:00:00,3.2823800000000003,3.05278,2678,2561,8842,1273,-57094.7713093693,289638
2005-04-05 00:00:00,2.62914,2.42504,2422,2366,8339,1319,36946.38254748238,343871
2005-04-12 00:00:00,2.2515,2.00195,2272,2921,7882,1339,34076.951444887905,393716
2005-04-19 00:00:00,2.35858,2.0586900000000004,2249,3150,7858,1297,-10139.262903946918,381699
2005-04-26 00:00:00,2.41881,2.21277,2643,3646,9114,1331,30465.71333320433,411882
2005-05-03 00:00:00,2.52752,2.3222,2612,4153,9551,1320,5168.765808815719,411291
2005-05-10 00:00:00,2.64954,2.4927900000000003,2754,4593,10427,1311,2930.1553066286724,418286
2005-05-17 00:00:00,3.12935,2.79489,2624,4979,11226,1288,-12632.477009591006,401661
2005-05-24 00:00:00,3.12442,2.96911,2753,5284,11901,1288,-3804.1176870442578,400827
2005-05-31 00:00:00,3.13099,2.8395900000000003,2579,5008,11343,1275,-1480.7660512734435,399459
2005-06-07 00:00:00,3.08261,2.77799,2564,5106,11261,1257,-1088.882812346972,405365
2005-06-14 00:00:00,2.64431,2.47287,2330,4154,9322,1241,-30321.24046568281,376971
2005-06-21 00:00:00,2.42295,2.18061,1895,3709,8064,1217,-22068.652175431664,369804
2005-06-28 00:00:00,2.31141,2.0168,1697,3393,7313,1165,-15400.246581507148,362605
2005-07-05 00:00:00,1.86383,1.64101,1437,2660,5738,1133,-11827.951052451564,349662
2005-07-12 00:00:00,1.44943,1.35829,1181,2014,4547,1087,-22742.446786249056,334760
2005-07-19 00:00:00,1.30227,1.1428,959,1479,3550,1045,-24540.623899967934,310641
2005-07-26 00:00:00,1.13459,1.04031,836,1382,3177,1017,-12907.045895342717,305389
2005-08-02 00:00:00,1.06255,0.964347,745,1208,2780,958,-18170.836371988407,288278
2005-08-09 00:00:00,1.03428,0.937982,745,1039,2592,919,-10628.096543164169,276338
2005-08-16 00:00:00,1.01791,0.947449,715,969,2428,877,-20086.978670379613,256267
2005-08-23 00:00:00,0.918151,0.891918,699,764,2061,783,-28233.308022937505,231075
2005-08-30 00:00:00,0.93099,0.864643,572,561,1645,649,-38401.89818087232,190252
2005-09-06 00:00:00,0.857294,0.97032,754,626,2075,635,26072.000208637328,213847
2005-09-13 00:00:00,0.7862939999999999,0.84439,514,447,1430,615,-28396.18950879388,169353
2005-09-20 00:00:00,0.719426,0.77487,463,409,1300,610,-23212.68213655264,167770
2005-09-27 00:00:00,0.7188680000000001,0.8213719999999999,466,390,1271,572,-17156.181256823562,154741
2005-10-04 00:00:00,0.774807,0.8727450000000001,437,402,1215,565,-12871.433664586802,139216
2005-10-11 00:00:00,0.76598,0.922635,549,511,1617,577,29100.752482436303,175259
2005-10-18 00:00:00,0.642809,0.899487,541,440,1553,564,10474.050270336564,172654
2005-10-25 00:00:00,0.622033,0.843082,502,403,1455,564,2150.192494144576,172581
2005-11-01 00:00:00,0.616326,0.8818239999999999,508,430,1428,551,-13053.479725353653,161937
2005-11-08 00:00:00,0.6856939999999999,0.817145,473,435,1373,547,4740.711542833247,168024
2005-11-15 00:00:00,0.6226970000000001,0.8715,510,466,1457,536,-3829.80142736368,167183
2005-11-22 00:00:00,0.611817,0.738621,404,379,1138,503,-9232.963792499126,154071
2005-11-29 00:00:00,0.638831,0.797966,398,457,1224,488,-7416.990922338125,153390
2005-12-06 00:00:00,0.8066270000000001,1.01394,492,506,1463,491,-5614.915245367942,144289
2005-12-13 00:00:00,0.7624479999999999,0.880936,446,521,1406,487,17314.19050854561,159603
2005-12-20 00:00:00,0.8134060000000001,0.943366,511,534,1487,455,-5282.2042533744825,157627
2005-12-27 00:00:00,0.807934,0.891546,476,512,1433,469,10205.83382953037,160732
2006-01-03 00:00:00,1.15384,1.2032200000000002,1434,1699,4513,1323,207578.66229636,375076
2006-01-10 00:00:00,1.14819,1.05788,1278,1602,4072,1361,-42572.38512251619,384920
2006-01-17 00:00:00,1.22736,1.13054,1543,1830,4737,1425,14325.451627528586,419005
2006-01-24 00:00:00,1.21744,1.12552,1582,1996,4888,1445,19777.941040586447,434287
2006-01-31 00:00:00,1.32813,1.2080799999999998,1672,2270,5380,1473,11466.168185701245,445334
2006-02-07 00:00:00,1.47754,1.34952,2112,2393,6139,1497,8874.948995517043,454901
2006-02-14 00:00:00,1.5339,1.4689,2355,2681,6668,1474,-172.92409189027967,453945
2006-02-21 00:00:00,1.91269,1.82767,2188,2202,6156,1488,-118954.32804798888,336822
2006-02-28 00:00:00,1.838,1.6656,2573,2792,7530,1486,69529.05664308486,452089
2006-03-07 00:00:00,1.95376,1.85968,2643,3244,8122,1493,11352.202711666005,436741
2006-03-14 00:00:00,2.40407,2.38891,3270,4470,10396,1492,-4916.988434227009,435177
2006-03-21 00:00:00,2.87453,2.78978,3387,4065,10192,1435,-66880.77925796766,365334
2006-03-28 00:00:00,3.02597,3.1154900000000003,3243,2868,8913,1359,-98121.8910066522,286087
2006-04-04 00:00:00,2.37817,2.26942,2927,2481,8386,1490,66947.61641156388,369521
2006-04-11 00:00:00,2.09232,1.86355,2507,2756,7761,1467,16427.290493384062,416464
2006-04-18 00:00:00,2.29396,1.99986,2548,3248,7909,1470,-10041.82336462196,395477
2006-04-25 00:00:00,2.74501,2.4406,3410,4684,10888,1495,42285.27910610044,446119
2006-05-02 00:00:00,3.04434,2.83018,3456,5648,12120,1472,-3998.576889047807,428241
2006-05-09 00:00:00,3.49999,3.12343,3840,6995,14197,1484,18598.372600455885,454533
2006-05-16 00:00:00,3.57851,3.27019,3879,6668,14031,1461,-21813.76693507319,429057
2006-05-23 00:00:00,3.28979,3.17757,3728,6537,14048,1460,6367.382656280766,442099
2006-05-30 00:00:00,2.89149,2.72364,3016,5429,11801,1428,-6482.473248558934,433281
2006-06-06 00:00:00,2.62075,2.50201,2798,4937,10715,1408,-9612.38962359255,428255
2006-06-13 00:00:00,2.5338700000000003,2.4272,2668,4031,9597,1361,-29799.65196495689,395394
2006-06-20 00:00:00,2.07251,1.96041,2049,3307,7562,1333,-15125.935262731044,385735
2006-06-27 00:00:00,1.87084,1.5914,1664,2508,6148,1303,-14480.29273876542,386327
2006-07-04 00:00:00,1.40042,1.36978,1445,1803,4958,1284,-24498.87225403724,361955
2006-07-11 00:00:00,1.46887,1.36317,1429,1821,4869,1240,-11089.613604795595,357183
2006-07-18 00:00:00,1.15514,1.1737,1257,1523,4179,1206,2946.30671696685,356055
2006-07-25 00:00:00,1.07901,1.06358,1152,1386,3695,1152,-10638.621814928423,347413
2006-08-01 00:00:00,0.98492,0.969711,969,1143,3077,1119,-24258.32256433263,317311
2006-08-08 00:00:00,1.03325,0.965362,917,1055,2860,1057,-31790.84158785036,296262
2006-08-15 00:00:00,0.926649,0.856749,815,861,2442,1025,-10740.625888586275,285031
2006-08-22 00:00:00,0.9201,0.863346,761,785,2243,925,-30200.60219993081,259803
2006-08-29 00:00:00,0.954094,0.93537,722,652,2058,831,-33241.055054417404,220020
2006-09-05 00:00:00,0.763278,0.7455689999999999,628,510,1679,796,4895.406688383169,225197
2006-09-12 00:00:00,0.81722,0.740428,598,469,1614,771,-7352.578018906992,217982
2006-09-19 00:00:00,0.764586,0.6728970000000001,521,441,1456,749,-461.09753806659137,216378
2006-09-26 00:00:00,0.793127,0.6662819999999999,514,408,1455,742,-407.78075380643713,218376
2006-10-03 00:00:00,0.66909,0.662747,394,360,1169,711,-40320.65414318198,176387
2006-10-10 00:00:00,0.62115,0.545619,366,372,1086,697,9676.843779323302,199040
2006-10-17 00:00:00,0.6036590000000001,0.5862310000000001,446,345,1211,698,14316.575868066577,206574
2006-10-24 00:00:00,0.649058,0.660687,477,392,1356,691,5066.446692147118,205241
2006-10-31 00:00:00,0.568338,0.534093,321,311,1037,677,-9276.46133930239,194161
2006-11-07 00:00:00,0.651546,0.585549,389,385,1172,667,-2092.4310432441125,200154
2006-11-14 00:00:00,0.652176,0.618075,439,411,1283,666,13739.655603569758,207580
2006-11-21 00:00:00,0.8038489999999999,0.687465,495,457,1448,671,5504.868117326609,210629
2006-11-28 00:00:00,0.787458,0.715696,502,500,1526,652,2762.488431267848,213219
2006-12-05 00:00:00,0.943263,0.829313,519,545,1554,641,-23576.04400638424,187384
2006-12-12 00:00:00,0.946932,0.800912,496,682,1694,638,16631.265632211493,211509
2006-12-19 00:00:00,0.987146,0.918484,609,681,1913,632,306.9604420114192,208278
2006-12-26 00:00:00,1.05206,0.8142590000000001,729,788,2228,703,70487.10080224462,273623
2007-01-02 00:00:00,0.995184,1.07197,2187,1997,5641,1373,257837.8047058733,526227
2007-01-09 00:00:00,1.22003,1.21786,2387,2433,6444,1429,2693.098395206849,529126
2007-01-16 00:00:00,1.28548,1.24576,2583,2551,6941,1449,11080.185503184795,557172
2007-01-23 00:00:00,1.3775,1.35984,2871,2788,7434,1477,-7883.064023749786,546680
2007-01-30 00:00:00,1.46725,1.44671,3074,2998,7915,1485,-6558.60413407546,547104
2007-02-06 00:00:00,1.55841,1.53286,3398,3303,8687,1539,10422.579615721595,566717
2007-02-13 00:00:00,1.61958,1.6665299999999998,3563,3290,9104,1516,-26000.223008063276,546284
2007-02-20 00:00:00,1.8112,1.97488,3651,2631,8570,1523,-119414.96410945244,433951
2007-02-27 00:00:00,1.61865,1.67305,3679,3158,9171,1513,71409.24244246486,548159
2007-03-06 00:00:00,1.62124,1.63405,3365,2907,8436,1487,-11519.306237759534,516263
2007-03-13 00:00:00,1.6735099999999998,1.74595,3298,2694,8091,1453,-59040.82811820333,463416
2007-03-20 00:00:00,1.95096,1.93643,3580,2724,8750,1420,-26571.19070040947,451862
2007-03-27 00:00:00,2.5001900000000004,2.48905,3848,2348,8902,1426,-97890.2444274844,357646
2007-04-03 00:00:00,2.43939,2.25405,3737,2568,9706,1486,34723.90198045538,430603
2007-04-10 00:00:00,2.29319,2.09147,3393,3644,11115,1509,84814.53011573374,531444
2007-04-17 00:00:00,2.62907,2.35934,3664,4900,12197,1511,12648.403887291495,516966
2007-04-24 00:00:00,3.92966,3.32331,4289,7661,17171,1508,-223.8637337879045,516683
2007-05-01 00:00:00,4.99202,4.43381,5222,11974,24812,1514,39956.86661378987,559609
2007-05-08 00:00:00,5.7776,5.34547,6059,15323,31896,1526,50059.37709660758,596692
2007-05-15 00:00:00,5.98318,5.42258,6244,14336,31625,1518,8432.107317152317,583210
2007-05-22 00:00:00,5.61677,5.303030000000001,5922,12783,30245,1497,-9081.45532022824,570334
2007-05-29 00:00:00,4.5323400000000005,4.24456,4978,9958,25027,1453,22842.05202737357,589626
2007-06-05 00:00:00,3.83249,3.628,4420,7849,20254,1445,-29244.17125261412,558269
2007-06-12 00:00:00,3.21522,3.03463,3878,6112,16714,1412,-14205.22308442404,550776
2007-06-19 00:00:00,2.69245,2.53595,3153,4493,13040,1395,-47367.84783154389,514205
2007-06-26 00:00:00,2.03366,2.0573,2689,3395,10376,1379,-25899.431486837333,504350
2007-07-03 00:00:00,1.65275,1.7415,2372,2697,8583,1327,-18355.075306130748,492850
2007-07-10 00:00:00,1.3113,1.40652,2045,2354,7045,1318,9373.81401572586,500881
2007-07-17 00:00:00,1.1652,1.26861,1857,2013,6079,1288,-24804.60094631952,479187
2007-07-24 00:00:00,1.02035,1.07719,1572,1713,4953,1208,-22761.71030829259,459808
2007-07-31 00:00:00,0.877607,0.993445,1466,1416,4224,1147,-34937.14475423249,425187
2007-08-07 00:00:00,0.8251069999999999,0.911212,1356,1381,4011,1098,11898.74696383084,440183
2007-08-14 00:00:00,0.787315,0.972109,1439,1274,3904,1074,-27713.251885154576,401601
2007-08-21 00:00:00,0.805439,0.993258,1393,1116,3646,945,-42095.728683489375,367075
2007-08-28 00:00:00,0.8860610000000001,1.09132,1473,1083,3803,869,-14694.530436801608,348477
2007-09-04 00:00:00,0.743743,0.888446,1159,906,2933,789,-12894.473747925542,330127
2007-09-11 00:00:00,0.706842,0.887691,1113,886,2906,764,-7524.839262519847,327366
2007-09-18 00:00:00,0.655943,0.883187,1115,855,2842,755,345.91338905051816,321789
2007-09-25 00:00:00,0.633492,0.8267559999999999,937,810,2534,730,-16294.228502248356,306499
2007-10-02 00:00:00,0.571837,0.783201,913,762,2405,713,-5304.965551281872,307073
2007-10-09 00:00:00,0.5582779999999999,0.78061,881,749,2431,710,6958.11732358177,311423
2007-10-16 00:00:00,0.597893,0.769073,826,703,2319,696,-7423.572332277545,301532
2007-10-23 00:00:00,0.577222,0.721298,779,704,2166,694,-4622.489649440162,300292
2007-10-30 00:00:00,0.5969869999999999,0.7525270000000001,788,763,2289,676,274.3954633383546,304175
2007-11-06 00:00:00,0.564653,0.752721,679,706,2220,668,-4041.451550916361,294930
2007-11-13 00:00:00,0.5856819999999999,0.792766,789,745,2368,657,1502.6593328734743,298701
2007-11-20 00:00:00,0.503985,0.743896,730,754,2237,657,7646.198089937621,300714
2007-11-27 00:00:00,0.468139,0.814166,794,892,2429,636,-4753.402982442582,298342
2007-12-04 00:00:00,0.576455,0.8384010000000001,774,880,2461,666,2442.740173671278,293535
2007-12-11 00:00:00,0.681361,0.851124,859,994,2788,685,25867.26082261413,327567
2007-12-18 00:00:00,0.794764,1.10976,1062,1527,3735,679,17013.580112154305,336560
2007-12-25 00:00:00,0.868116,1.03114,983,1306,3400,716,5144.066369380511,329731
2008-01-01 00:00:00,1.06828,1.02284,1535,2352,5687,1435,211148.1694995833,555999
2008-01-08 00:00:00,1.00756,1.03017,1861,2291,5959,1500,-13118.255544541986,578446
2008-01-15 00:00:00,0.979399,1.01245,1869,2219,5896,1525,1901.017770142993,582351
2008-01-22 00:00:00,1.04943,1.08359,1976,2474,6485,1527,10340.38081009104,598473
2008-01-29 00:00:00,1.13218,1.1657799999999998,2119,2547,6987,1545,9466.51722559915,599343
2008-02-05 00:00:00,1.13156,1.1913,2276,2668,7297,1555,11169.93468608358,612526
2008-02-12 00:00:00,1.15469,1.28075,2512,2854,7667,1555,-11630.945840613567,598635
2008-02-19 00:00:00,1.20448,1.27053,2600,2828,7733,1563,4417.131354719866,608646
2008-02-26 00:00:00,1.36081,1.59578,3024,2412,7634,1523,-133213.57115946687,478386
2008-03-04 00:00:00,1.30322,1.4585,3114,2913,8708,1551,79856.5922555647,597052
2008-03-11 00:00:00,1.30204,1.49921,3252,3024,8689,1543,2461.4586256997427,579573
2008-03-18 00:00:00,1.45109,1.62982,3137,2579,7812,1416,-100351.80120271666,479318
2008-03-25 00:00:00,1.79927,2.15561,3897,2367,8706,1484,-98135.67046615924,403876
2008-04-01 00:00:00,2.12134,2.02053,3814,2042,8603,1490,-13201.17115934391,425780
2008-04-08 00:00:00,1.47138,1.54566,3245,2548,8956,1539,124556.58801083273,579428
2008-04-15 00:00:00,1.61555,1.64224,3142,3345,9289,1512,20576.591910698105,565631
2008-04-22 00:00:00,1.95333,1.96524,3602,4597,11456,1566,33409.466197606525,582932
2008-04-29 00:00:00,2.4290700000000003,2.34368,4039,6602,14324,1554,23758.024866270367,611176
2008-05-06 00:00:00,2.96686,2.86057,4606,8882,18268,1580,36308.097710861126,638613
2008-05-13 00:00:00,3.57354,3.3421,5064,11215,21667,1569,16625.378493080614,648304
2008-05-20 00:00:00,3.3665300000000005,3.20566,4848,9851,20022,1543,-17477.04354173923,624583
2008-05-27 00:00:00,3.2962,3.10049,4694,10092,20450,1544,36459.09169094544,659573
2008-06-03 00:00:00,3.17227,2.95819,4420,9116,18441,1534,-18173.944255047245,623389
2008-06-10 00:00:00,2.5804,2.46381,4046,7446,15711,1524,7151.994591958122,637672
2008-06-17 00:00:00,2.42922,2.19272,3657,6036,13277,1494,-24719.686772210523,605503
2008-06-24 00:00:00,1.99028,1.87395,3237,5052,11400,1470,-1471.4073066214332,608342
2008-07-01 00:00:00,1.72423,1.64817,2829,4283,9669,1440,-20820.17151009105,586651
2008-07-08 00:00:00,1.60355,1.49878,2577,3407,8460,1422,-21490.574915574514,564460
2008-07-15 00:00:00,1.28418,1.29233,2371,2761,7222,1415,-11263.132464428085,558837
2008-07-22 00:00:00,1.2932,1.27164,2353,2855,7348,1445,16312.860611983691,577836
2008-07-29 00:00:00,2.74012,2.98159,4821,8043,18627,1405,48721.55395179789,624734
2008-08-05 00:00:00,2.22391,2.43702,3920,6221,14578,1422,20586.563378771418,598189
2008-08-12 00:00:00,1.76657,2.2813,3236,5888,12554,1372,-90989.74022806388,550300
2008-08-19 00:00:00,1.92171,3.81572,4188,12026,20774,1331,5196.155153138097,544432
2008-08-26 00:00:00,1.8611,4.21315,4496,12461,22394,1314,35519.38070651848,531526
2008-09-02 00:00:00,1.68423,3.1783200000000003,3865,8615,17105,1305,43243.33071661764,538177
2008-09-09 00:00:00,1.7393,2.50972,3072,5660,12392,1296,-40265.83115104539,493761
2008-09-16 00:00:00,1.83001,2.06632,2623,4740,10780,1280,-1164.601570467581,521701
2008-09-23 00:00:00,1.58128,1.71805,2299,3700,8801,1279,-16312.821978464255,512268
2008-09-30 00:00:00,1.4917200000000002,1.55965,2145,2893,7422,1237,-45580.732397638494,475877
2008-10-07 00:00:00,1.389,1.30856,1701,2481,6290,1246,-5588.776235035737,480680
2008-10-14 00:00:00,1.34702,1.18695,1581,2437,5964,1248,9626.994430335471,502466
2008-10-21 00:00:00,1.16056,1.13796,1608,2285,5735,1248,9092.936507249367,503971
2008-10-28 00:00:00,1.2085,1.15005,1519,2199,5587,1254,-15337.87369715405,485804
2008-11-04 00:00:00,1.15544,1.1126200000000002,1651,2082,5526,1230,2303.556366947596,496666
2008-11-11 00:00:00,1.14518,1.16142,1645,2321,5877,1234,15370.03320734197,506019
2008-11-18 00:00:00,1.4664,1.64107,2167,4210,8941,1286,41683.53432331159,544827
2008-11-25 00:00:00,2.38017,2.47166,2883,8253,14556,1320,59008.60191649431,588916
2008-12-02 00:00:00,3.44681,3.71969,3713,13114,21350,1358,-1577.992209654767,573972
2008-12-09 00:00:00,4.05315,3.94975,4087,13407,22561,1367,1226.458161600167,571201
2008-12-16 00:00:00,4.26621,4.08756,4445,15326,26091,1380,71476.28068919806,638302
2008-12-23 00:00:00,4.21579,4.01897,4462,14152,24454,1313,-4016.4509131076047,608464
2008-12-30 00:00:00,4.8861,4.603619999999999,4974,16291,27919,1331,15620.741603044213,606458
2009-01-06 00:00:00,6.06923,5.66087,9302,27406,48420,2056,256774.64934939228,855346
2009-01-13 00:00:00,7.09467,6.81522,11527,32585,58196,2134,-63318.963707266026,853912
2009-01-20 00:00:00,7.7151,7.618889999999999,13187,39364,69068,2162,40308.89596430969,906536
2009-01-27 00:00:00,7.55134,7.38836,13174,36860,66411,2167,13878.344809071628,898860
2009-02-03 00:00:00,6.6711800000000006,6.33927,12161,30860,57017,2197,44480.53540092171,899425
2009-02-10 00:00:00,5.20633,4.94349,10151,21112,42729,2191,6102.72534412879,864348
2009-02-17 00:00:00,4.04477,3.80996,8979,14652,32520,2157,22555.947295738268,853552
2009-02-24 00:00:00,3.49722,3.44106,7716,8237,22508,2146,-168869.95147266414,654101
2009-03-03 00:00:00,2.69023,2.66773,7195,7988,21730,2122,106421.66502104956,814550
2009-03-10 00:00:00,2.47119,2.47183,6490,7218,19325,2093,2404.720342713292,781811
2009-03-17 00:00:00,2.44773,2.345,6275,5785,17081,2014,-48346.8425298268,728401
2009-03-24 00:00:00,2.64594,2.71435,6078,4127,14575,1934,-196551.50276533084,536961
2009-03-31 00:00:00,2.61567,2.67667,6598,3726,15613,1937,-8676.094729546225,583299
2009-04-07 00:00:00,1.90712,1.98284,4998,3961,14299,1996,130060.6319819634,721138
2009-04-14 00:00:00,1.86738,1.82749,4877,4614,14088,2016,65619.32168653561,770895
2009-04-21 00:00:00,1.88072,1.92606,5399,5079,14757,2053,31430.767303303463,766177
2009-04-28 00:00:00,1.96908,1.92495,5333,5655,15122,2026,11596.824409763678,785580
2009-05-05 00:00:00,2.11387,2.08877,5816,6142,16037,1996,-16309.07039449201,767773
2009-05-12 00:00:00,2.09695,2.0343400000000003,5496,5577,15381,1977,-11171.126122088404,756068
2009-05-19 00:00:00,1.90294,1.97649,5388,5536,15065,1954,-3100.486115402775,762208
2009-05-26 00:00:00,1.96951,1.99362,5040,6207,16087,1990,54238.11963991483,806925
2009-06-02 00:00:00,1.92331,1.85383,4281,5685,14486,1953,-15396.00423978339,781411
2009-06-09 00:00:00,1.89659,1.8673,4612,5270,14354,1946,-10187.303067145986,768702
2009-06-16 00:00:00,1.75181,1.69987,4063,4466,12601,1933,-20688.332696896046,741293
2009-06-23 00:00:00,1.52632,1.49741,3625,4108,11191,1917,-11476.651171670412,747358
2009-06-30 00:00:00,1.4957200000000002,1.45112,3408,3733,10359,1875,-27912.682877281917,713863
2009-07-07 00:00:00,1.2231299999999998,1.20715,3090,2933,8813,1850,13993.43858892226,730068
2009-07-14 00:00:00,1.17754,1.17415,3117,3110,8801,1831,28017.49001366843,749563
2009-07-21 00:00:00,1.09112,1.1620700000000002,2921,3044,8362,1765,-15466.147989894263,719580
2009-07-28 00:00:00,1.11958,1.17213,3081,2972,8440,1755,-1119.292806797428,720054
2009-08-04 00:00:00,1.08169,1.12168,2781,2901,7914,1710,-9728.731574886597,705551
2009-08-11 00:00:00,1.12497,1.14981,2851,2645,7697,1664,-39075.08285156905,669414
2009-08-18 00:00:00,1.06197,1.1332799999999998,2816,2553,7603,1624,-2488.637777063413,670887
2009-08-25 00:00:00,1.08909,1.08171,2636,2188,6853,1497,-34000.33503933833,633532
2009-09-01 00:00:00,1.1776,1.19959,2413,2172,6595,1421,-79923.41800565377,549773
2009-09-08 00:00:00,0.97493,0.952808,2147,1831,5755,1435,31762.26470777788,604004
2009-09-15 00:00:00,0.987132,0.916032,1975,1784,5316,1405,-12387.44954603922,580329
2009-09-22 00:00:00,0.995991,0.926582,2027,1779,5334,1384,-6417.537405299372,575664
2009-09-29 00:00:00,0.904726,0.8696200000000001,1754,1541,4718,1347,-34822.75560395385,542536
2009-10-06 00:00:00,0.941927,0.903133,1753,1566,4691,1353,-32288.14433642919,519414
2009-10-13 00:00:00,0.880415,0.773776,1458,1450,4234,1284,17007.018828279804,547187
2009-10-20 00:00:00,0.842615,0.7427739999999999,1323,1335,3950,1265,673.5857354984619,531790
2009-10-27 00:00:00,0.858382,0.730934,1290,1279,3850,1250,-3490.1590759914834,526723
2009-11-03 00:00:00,0.83383,0.786882,1381,1357,4077,1241,-9286.518682309545,518121
2009-11-10 00:00:00,0.8474370000000001,0.763051,1378,1307,4008,1212,5909.022239181504,525260
2009-11-17 00:00:00,0.888273,0.841043,1485,1592,4518,1225,16470.9170685687,537190
2009-11-24 00:00:00,0.765372,0.791573,1520,1592,4420,1235,24530.096258487785,558382
2009-12-01 00:00:00,0.91858,0.912732,1564,1866,5007,1170,-3644.345908445306,548573
2009-12-08 00:00:00,1.01432,1.03398,1850,1959,5493,1198,-7518.395205496345,531250
2009-12-15 00:00:00,1.01233,0.934009,1720,2118,5510,1210,47125.89023125288,589930
2009-12-22 00:00:00,1.11803,1.08189,2134,2510,6741,1206,45963.59850142349,623077
2009-12-29 00:00:00,1.11806,1.06563,1995,2383,6387,1254,-2429.4068265283718,599366
2010-01-05 00:00:00,1.10939,1.13505,2627,3142,8473,1838,124852.3481073914,746485
2010-01-12 00:00:00,1.24341,1.25256,2953,3522,9347,1875,-38398.223444642266,746230
2010-01-19 00:00:00,1.25726,1.2457,3044,3641,9684,1907,20740.18102904712,777397
2010-01-26 00:00:00,1.25734,1.26774,3226,3822,9904,1929,4482.775848425226,781234
2010-02-02 00:00:00,1.43414,1.43723,3451,4397,11020,1947,-13822.261709110462,766753
2010-02-09 00:00:00,1.5183799999999998,1.53341,3927,4679,11807,1940,-8408.067120124237,769982
2010-02-16 00:00:00,1.61617,1.69445,4416,5322,13336,1921,17242.326129403198,787038
2010-02-23 00:00:00,1.84378,1.9915,4598,4145,12079,1938,-173957.37800578983,606527
2010-03-02 00:00:00,1.72535,1.81305,5045,4978,13997,1964,94503.81947634928,772016
2010-03-09 00:00:00,1.87923,2.01426,5060,5867,14958,1936,5551.347739073215,742606
2010-03-16 00:00:00,2.3371,2.5565900000000004,6300,7194,18022,1916,-40554.51833762403,704923
2010-03-23 00:00:00,3.03533,3.38185,7295,7071,19899,1840,-125166.6972343995,588406
2010-03-30 00:00:00,3.136,3.43172,7478,5764,20346,1887,-26593.618918919936,592880
2010-04-06 00:00:00,2.53336,2.69151,6584,6342,20026,1923,121473.97081264912,744043
2010-04-13 00:00:00,2.91288,2.91063,6238,7773,20721,1921,-12644.8512488486,711908
2010-04-20 00:00:00,3.44497,3.49232,7247,11243,26257,1964,39032.90351942799,751850
2010-04-27 00:00:00,4.16185,4.0037,8007,15291,31975,1947,51402.37775944255,798637
2010-05-04 00:00:00,4.55159,4.43534,8195,16366,34284,1970,-15530.022655377395,772974
2010-05-11 00:00:00,4.46504,4.24215,8036,16516,34456,1961,38781.780153529486,812230
2010-05-18 00:00:00,4.55124,4.39719,8172,17493,36567,1910,41236.51844546082,831600
2010-05-25 00:00:00,4.0822,3.90256,7839,13718,31277,1908,2501.818091891473,801449
2010-06-01 00:00:00,3.38812,3.15073,6376,10496,24627,1860,-12237.231277891784,781629
2010-06-08 00:00:00,2.99142,2.72422,5691,8427,20377,1829,-31744.24924675096,747993
2010-06-15 00:00:00,2.61542,2.33336,5363,6702,17309,1823,-5249.6050597726135,741807
2010-06-22 00:00:00,2.09065,1.925,4400,5489,14031,1790,-14860.472125423024,728883
2010-06-29 00:00:00,1.86146,1.75243,4189,5025,12957,1770,7680.744264831883,739375
2010-07-06 00:00:00,1.61377,1.57704,3701,4557,11498,1723,5906.376141682384,729089
2010-07-13 00:00:00,1.42199,1.35766,3164,3562,9391,1681,-32487.215562846977,691707
2010-07-20 00:00:00,1.3382,1.31223,3139,3064,8695,1651,-32723.94563949702,662612
2010-07-27 00:00:00,1.19995,1.14937,2895,2673,7830,1612,15080.439862170606,681240
2010-08-03 00:00:00,1.14889,1.11451,2532,2553,7307,1585,-18558.66537974868,655627
2010-08-10 00:00:00,1.12194,1.10984,2551,2595,7236,1556,-7651.168500096886,651983
2010-08-17 00:00:00,1.06712,1.0524,2353,2280,6530,1516,-26832.235715407995,620485
2010-08-24 00:00:00,1.0505799999999998,1.03536,2213,2110,6072,1381,-42261.25765351602,586460
2010-08-31 00:00:00,1.15203,1.1177700000000002,2249,1980,5946,1357,-46889.63227792492,531954
2010-09-07 00:00:00,0.970975,0.982949,2040,1760,5547,1296,13412.732178078615,564322
2010-09-14 00:00:00,0.894683,0.925194,1812,1599,4989,1279,-9428.79774899478,539238
2010-09-21 00:00:00,0.843568,0.8355309999999999,1604,1422,4448,1251,-10855.39664482302,532356
2010-09-28 00:00:00,0.815409,0.832393,1472,1462,4218,1225,-27126.26548298972,506732
2010-10-05 00:00:00,0.823052,0.855591,1423,1269,4009,1211,-43632.06212016271,468565
2010-10-12 00:00:00,0.674635,0.7069489999999999,1255,1206,3721,1220,44078.83989225258,526346
2010-10-19 00:00:00,0.631883,0.694387,1243,1184,3597,1203,8897.580559881928,518011
2010-10-26 00:00:00,0.641513,0.687976,1251,1188,3538,1179,1110.149908479827,514262
2010-11-02 00:00:00,0.529813,0.6447430000000001,1088,1125,3202,1175,-16805.05911081389,496632
2010-11-09 00:00:00,0.644089,0.67533,1207,1223,3523,1175,18524.193672374007,521671
2010-11-16 00:00:00,0.667718,0.72823,1342,1358,3874,1191,22011.486607317813,531975
2010-11-23 00:00:00,0.7056680000000001,0.8065260000000001,1505,1600,4444,1195,20282.28365694289,551005
2010-11-30 00:00:00,0.8041550000000001,0.860408,1528,1781,4717,1200,5430.648423690116,548228
2010-12-07 00:00:00,0.907804,0.936075,1622,1809,4813,1184,-37024.10102182394,514168
2010-12-14 00:00:00,1.00555,0.966683,1788,2206,5567,1196,49516.45473361446,575887
2010-12-21 00:00:00,1.03601,0.996007,1816,2264,5822,1201,26671.55887773528,584534
2010-12-28 00:00:00,1.0758299999999998,1.10846,2248,2514,6708,1213,24802.821625724668,605162
2011-01-04 00:00:00,1.1609200000000002,1.20345,3106,3485,9365,1850,182261.0630230402,778182
2011-01-11 00:00:00,1.19785,1.23777,3317,3667,9803,1883,-28350.164761037333,791987
2011-01-18 00:00:00,1.27926,1.25259,3324,3837,9958,1905,-3171.26995539607,794995
2011-01-25 00:00:00,1.29194,1.30546,3453,4035,10298,1900,-13096.236534923664,788840
2011-02-01 00:00:00,1.42824,1.45295,3634,4658,11396,1925,-4333.518866729806,784334
2011-02-08 00:00:00,1.39803,1.44089,3949,4348,11496,1946,6084.740065382095,797839
2011-02-15 00:00:00,1.45831,1.46221,3923,4361,11721,1900,5381.431301734177,801594
2011-02-22 00:00:00,1.56548,1.65573,4125,3340,10377,1918,-168934.6063390706,626731
2011-03-01 00:00:00,1.34313,1.46606,4237,3955,11479,1904,86691.74153478758,782984
2011-03-08 00:00:00,1.48139,1.51811,3995,4040,11187,1898,-3911.507110107457,736905
2011-03-15 00:00:00,1.63398,1.66429,4579,4097,12137,1872,-18571.958970260806,729258
2011-03-22 00:00:00,1.83126,1.85274,5016,3535,11958,1851,-84119.27905925491,645424
2011-03-29 00:00:00,2.10451,2.12413,5243,3184,12356,1821,-100361.7531409714,581697
2011-04-05 00:00:00,1.73625,1.76709,4514,3393,11992,1891,61605.07237468765,678631
2011-04-12 00:00:00,1.55066,1.5434,4059,3636,11543,1883,71765.01125426416,747894
2011-04-19 00:00:00,1.62891,1.64762,4364,4030,11939,1887,13645.808150726836,724623
2011-04-26 00:00:00,1.7603799999999998,1.6843,4766,4802,13209,1891,56355.26718639955,784244
2011-05-03 00:00:00,1.92728,1.86354,5218,5336,14448,1885,3489.3886447758414,775298
2011-05-10 00:00:00,1.91994,1.86408,5028,5555,14624,1875,5444.113970344304,784516
2011-05-17 00:00:00,2.09951,2.01839,5277,5994,15929,1884,2112.840135863051,789193
2011-05-24 00:00:00,2.23973,2.10385,5246,5990,16137,1853,-17277.072504444513,767022
2011-05-31 00:00:00,2.21921,2.09555,5219,6239,16518,1826,13069.96238325874,788242
2011-06-07 00:00:00,2.16693,2.10398,4811,6493,15763,1816,-29900.260716917808,749198
2011-06-14 00:00:00,2.38913,2.2941,5175,6768,17150,1819,-14811.465942438575,747570
2011-06-21 00:00:00,1.96466,1.92223,4422,5683,14524,1780,11539.919294181744,755579
2011-06-28 00:00:00,1.84229,1.74239,3807,5256,13017,1753,-5315.2449096625205,747079
2011-07-05 00:00:00,1.68674,1.6760099999999998,3582,4631,11930,1729,-26099.74821520818,711808
2011-07-12 00:00:00,1.53136,1.49637,3253,4059,10732,1707,2343.664744285052,717202
2011-07-19 00:00:00,1.37912,1.38202,3001,4020,10123,1699,20749.28302086587,732480
2011-07-26 00:00:00,1.29515,1.28926,2638,3802,9370,1675,3430.4879146267194,726772
2011-08-02 00:00:00,1.39521,1.3580299999999998,2509,3671,8999,1564,-58828.12216085615,662649
2011-08-09 00:00:00,1.32522,1.30833,2524,3468,8576,1546,-8162.758784776786,655492
2011-08-16 00:00:00,1.23059,1.26692,2465,3087,8062,1503,-21580.243629005738,636347
2011-08-23 00:00:00,1.2302799999999998,1.27731,2545,3011,7878,1415,-19240.91302921332,616765
2011-08-30 00:00:00,1.2687700000000002,1.2991,2480,2601,7153,1409,-60485.96725578176,550614
2011-09-06 00:00:00,1.10782,1.16297,2336,2352,6765,1365,2021.6518613027877,581700
2011-09-13 00:00:00,1.09559,1.08612,2231,2024,6133,1289,-4422.824555231025,564670
2011-09-20 00:00:00,1.11031,1.0568,2259,1974,6048,1295,14288.090679298504,572296
2011-09-27 00:00:00,1.10616,1.07871,2168,1850,5786,1260,-38627.76201668347,536380
2011-10-04 00:00:00,1.10816,1.04662,1911,1706,5291,1271,-41797.32322177559,505533
2011-10-11 00:00:00,0.999444,0.928152,1913,1751,5185,1240,33215.762420924264,558637
2011-10-18 00:00:00,0.924199,0.901936,1818,1640,4931,1223,11031.383397798403,546713
2011-10-25 00:00:00,0.949257,0.915356,1752,1721,5103,1250,10749.563777561882,557488
2011-11-01 00:00:00,0.978903,0.952548,1728,1706,5159,1240,-16689.743304357282,541600
2011-11-08 00:00:00,0.925024,0.916661,1660,1718,5026,1248,2651.5691982826684,548294
2011-11-15 00:00:00,0.848456,0.901787,1721,1755,5051,1238,10106.348413029686,560110
2011-11-22 00:00:00,1.04451,1.03315,2098,2128,6141,1238,41860.288945372566,594395
2011-11-29 00:00:00,1.0986,1.05238,1958,2335,6318,1238,20269.28086744761,600354
2011-12-06 00:00:00,1.22071,1.12713,1886,2294,6296,1242,-45046.29325355252,558585
2011-12-13 00:00:00,1.24976,1.1866,2176,2870,7382,1252,48027.73068791488,622114
2011-12-20 00:00:00,1.22892,1.21415,2295,2972,7656,1268,29304.85527175595,630563
2011-12-27 00:00:00,1.29393,1.25198,2421,2867,7807,1248,-5087.201537734945,623572
2012-01-03 00:00:00,1.23034,1.20559,2773,3691,9395,1932,155665.32007173228,779285
2012-01-10 00:00:00,1.3278,1.31929,2960,4007,10158,1940,-67964.79929984373,769959
2012-01-17 00:00:00,1.33995,1.3273700000000002,3202,4233,10585,1968,23092.090538832126,797444
2012-01-24 00:00:00,1.37842,1.36688,3346,4268,10913,1958,3469.5531837056624,798388
2012-01-31 00:00:00,1.50085,1.50535,3326,4422,11061,1929,-59460.19805931859,734781
2012-02-07 00:00:00,1.65163,1.61273,3733,5145,12674,1974,29560.50106024416,785871
2012-02-14 00:00:00,1.7674599999999998,1.75208,4034,5526,13623,1966,771.194409104879,777534
2012-02-21 00:00:00,2.30609,2.33365,4651,5387,14650,1968,-151363.86313201522,627772
2012-02-28 00:00:00,2.16324,2.2268,5102,7018,18521,2006,151011.74585464667,831730
2012-03-06 00:00:00,2.83038,2.97657,6486,10857,24877,2006,50712.920343691134,835762
2012-03-13 00:00:00,3.43761,3.62552,7446,12945,29432,1977,-8463.882502810797,811800
2012-03-20 00:00:00,4.305540000000001,4.5532,8546,13971,34332,1908,-68405.07284814841,754019
2012-03-27 00:00:00,6.06082,6.025980000000001,9709,11391,36588,1905,-138774.70664889226,607171
2012-04-03 00:00:00,4.64931,4.96368,8444,9108,34103,1982,51151.612756404094,687051
2012-04-10 00:00:00,4.32584,4.69072,8297,13424,39896,1995,121232.1942059066,850531
2012-04-17 00:00:00,4.5111300000000005,4.7047300000000005,8633,15992,39441,2008,40953.57015707612,838326
2012-04-24 00:00:00,4.2171,4.1646,7441,13439,32426,1978,-66716.85371134419,778610
2012-05-01 00:00:00,3.78956,3.69533,6609,12653,29808,1963,11228.79868019931,806640
2012-05-08 00:00:00,3.29206,3.2363,5757,10816,24987,1931,-11218.873675784796,772086
2012-05-15 00:00:00,3.0197,2.89421,5289,9395,22321,1926,8437.467422850896,771229
2012-05-22 00:00:00,2.71499,2.71742,5099,8415,20519,1940,-6335.083703545155,755092
2012-05-29 00:00:00,2.4845,2.52297,4633,7981,19231,1893,6286.237919802428,762238
2012-06-05 00:00:00,2.57808,2.55227,4791,7709,18829,1884,-12078.124601330608,737736
2012-06-12 00:00:00,2.39237,2.43225,4480,7065,17392,1846,-22008.18090769032,715059
2012-06-19 00:00:00,2.06778,2.10851,3957,6095,15254,1825,2532.24182022491,723449
2012-06-26 00:00:00,1.90281,1.94725,3830,5204,13714,1811,-10119.57974067831,704276
2012-07-03 00:00:00,1.6590200000000002,1.74859,3516,4299,12273,1769,-534.5222863451345,701881
2012-07-10 00:00:00,1.43006,1.4971299999999998,3110,3929,10818,1742,25202.64397043304,722583
2012-07-17 00:00:00,1.27757,1.32313,2707,3509,9188,1732,-15538.757933497196,694415
2012-07-24 00:00:00,1.19009,1.2264700000000002,2588,3364,8589,1711,-1749.2817976323422,700300
2012-07-31 00:00:00,1.09556,1.19614,2439,3142,7986,1675,-25218.881600490426,667648
2012-08-07 00:00:00,1.08589,1.19049,2422,2877,7704,1630,-24113.72563624196,647130
2012-08-14 00:00:00,1.07343,1.17426,2431,2583,7317,1582,-23091.73688342562,623114
2012-08-21 00:00:00,1.0167700000000002,1.13342,2230,2219,6589,1489,-44586.62523298513,581338
2012-08-28 00:00:00,1.04847,1.14306,2109,2094,6190,1486,-44164.81829829654,541528
2012-09-04 00:00:00,0.920349,1.00881,1983,1779,5638,1421,-67.98619830736425,558875
2012-09-11 00:00:00,0.920779,1.02358,1969,1713,5539,1419,-4865.0157033724245,541138
2012-09-18 00:00:00,0.904333,1.00138,1877,1766,5474,1405,879.9182786280289,546643
2012-09-25 00:00:00,0.83057,0.909498,1703,1581,4915,1389,-5773.389063118142,540408
2012-10-02 00:00:00,0.8628370000000001,0.950042,1594,1489,4506,1357,-66899.20443444094,474295
2012-10-09 00:00:00,0.732182,0.829299,1576,1491,4510,1362,48436.92114033841,543833
2012-10-16 00:00:00,0.724558,0.802109,1432,1405,4186,1341,297.9000627594651,521874
2012-10-23 00:00:00,0.740848,0.806333,1416,1464,4233,1325,1758.4322793649044,524969
2012-10-30 00:00:00,0.726037,0.796937,1216,1284,3886,1290,-34536.61777704966,487617
2012-11-06 00:00:00,0.7556390000000001,0.7791359999999999,1367,1338,4075,1299,27029.796781348006,523015
2012-11-13 00:00:00,0.761847,0.797653,1364,1366,4168,1276,11656.512440250835,522533
2012-11-20 00:00:00,0.779896,0.825485,1331,1561,4317,1265,3463.922465961019,522965
2012-11-27 00:00:00,0.8991379999999999,0.935469,1499,1814,5053,1260,19133.15515400702,540157
2012-12-04 00:00:00,0.999524,1.04345,1681,2035,5626,1317,9912.406010144508,539175
2012-12-11 00:00:00,1.0558,1.09107,1926,2437,6374,1307,35117.93339393474,584196
2012-12-18 00:00:00,1.0967,1.20108,2175,2683,7110,1290,24566.34426916053,591969
2012-12-25 00:00:00,1.24709,1.26179,2393,2963,7963,1364,48008.78972627781,631088
2013-01-01 00:00:00,1.15746,1.13249,2974,3769,9677,1960,224314.8309745229,854487
2013-01-08 00:00:00,1.27184,1.21121,3276,3925,10420,1990,-9568.854141135234,860298
2013-01-15 00:00:00,1.31623,1.25682,3483,3880,10658,2018,-12309.054652283434,848016
2013-01-22 00:00:00,1.37444,1.37097,3930,4484,12036,2027,16480.682620852604,877917
2013-01-29 00:00:00,1.46781,1.42956,4045,4642,12502,2028,6533.115600617137,874537
2013-02-05 00:00:00,1.5834,1.53588,4434,5062,13498,2017,-1591.9733340090606,878845
2013-02-12 00:00:00,1.60253,1.60267,4643,5000,13927,2054,-7714.150345198577,868987
2013-02-19 00:00:00,1.72344,1.7326700000000002,4835,5579,15168,2012,-6757.604198300862,875411
2013-02-26 00:00:00,2.11076,2.09858,4937,4313,13975,2042,-203091.9468964918,665926
2013-03-05 00:00:00,2.1708,2.21374,5549,6579,18920,2055,105327.90711605609,854664
2013-03-12 00:00:00,2.36971,2.4167400000000003,5501,7046,19398,2054,-6312.800226356252,802651
2013-03-19 00:00:00,3.15997,3.03071,6555,8406,24697,2009,673.0483513408108,814891
2013-03-26 00:00:00,4.59053,4.38724,7814,7485,26988,2007,-187312.06095664625,615148
2013-04-02 00:00:00,4.28195,4.2112,7488,6726,28654,2033,4884.585531424615,680424
2013-04-09 00:00:00,3.5628800000000003,3.46492,6233,7881,28147,2059,102914.06829115318,812343
2013-04-16 00:00:00,3.36378,3.3169800000000005,6007,9517,28370,2049,70013.1398923921,855297
2013-04-23 00:00:00,3.39659,3.2407,5878,8858,25502,2062,-39300.94732167141,786928
2013-04-30 00:00:00,3.11922,2.88598,5133,8714,23484,2051,6107.402950689197,813726
2013-05-07 00:00:00,2.83572,2.6217200000000003,4729,7711,21085,2051,-8101.449505270692,804244
2013-05-14 00:00:00,2.48484,2.3406700000000003,4210,6717,18195,2018,-16793.26209530933,777340
2013-05-21 00:00:00,2.2741,2.12059,4250,6121,17234,2025,34822.63670921896,812700
2013-05-28 00:00:00,2.0724400000000003,1.91094,3953,5875,15914,1978,35334.95915214741,832786
2013-06-04 00:00:00,1.98207,1.9023,3775,5575,15044,1944,-27498.232320871204,790831
2013-06-11 00:00:00,1.82441,1.76619,3616,5022,14024,1904,-118.23314527818002,794024
2013-06-18 00:00:00,1.82036,1.85791,3798,5611,14926,1922,19090.322626346955,803374
2013-06-25 00:00:00,1.75391,1.82094,3523,5812,14661,1887,6594.583816179889,805133
2013-07-02 00:00:00,1.74542,1.83453,3582,5659,14637,1866,-1191.3851410362404,797863
2013-07-09 00:00:00,1.6723599999999998,1.75446,3574,5587,14206,1845,22606.02773966815,809707
2013-07-16 00:00:00,1.51659,1.51636,3130,4279,11723,1810,-28174.02281851787,773101
2013-07-23 00:00:00,1.4477799999999998,1.40334,2846,3770,10814,1771,-9916.658410462083,770592
2013-07-30 00:00:00,1.29028,1.2593,2501,3591,9648,1746,2682.137627804652,766139
2013-08-06 00:00:00,1.37388,1.32482,2789,3615,9775,1714,-25990.407093242397,737834
2013-08-13 00:00:00,1.34208,1.27576,2544,3256,9033,1660,-31465.46851539961,708049
2013-08-20 00:00:00,1.34563,1.29483,2733,3068,8797,1570,-38616.20998840896,679395
2013-08-27 00:00:00,1.21291,1.2261,2528,2459,7658,1554,-49196.30990827072,624582
2013-09-03 00:00:00,1.19291,1.1453799999999998,2383,2349,7229,1461,-18760.76011007524,631143
2013-09-10 00:00:00,1.14146,1.0678,2227,2181,6783,1461,17139.405361154,635233
2013-09-17 00:00:00,1.06503,1.07269,2159,2009,6369,1392,-41828.05156640324,593740
2013-09-24 00:00:00,1.12669,1.01298,2049,1917,6038,1411,-1481.348934656009,596063
2013-10-01 00:00:00,0.947353,0.994705,1865,1688,5352,1388,-66751.86745898344,538049
2013-10-08 00:00:00,0.944187,0.880862,1758,1623,5295,1394,42842.0605581922,601116
2013-10-15 00:00:00,0.934822,0.858173,1582,1621,5083,1376,11372.017104762725,592305
2013-10-22 00:00:00,0.8173600000000001,0.8051520000000001,1455,1450,4765,1372,805.6966188668739,591814
2013-10-29 00:00:00,0.852792,0.8187810000000001,1450,1655,4942,1378,13259.636581661063,603580
2013-11-05 00:00:00,0.7469939999999999,0.7837350000000001,1460,1528,4744,1382,7150.068632293609,605307
2013-11-12 00:00:00,0.7610979999999999,0.8487030000000001,1528,1631,4980,1369,-18411.055821929243,586778
2013-11-19 00:00:00,0.7676270000000001,0.8341459999999999,1569,1813,5305,1371,46337.71097999206,635980
2013-11-26 00:00:00,0.862176,0.905981,1684,2184,5799,1353,21416.80701776477,640080
2013-12-03 00:00:00,0.984907,1.04506,1753,2258,6050,1352,-53582.15400267637,578913
2013-12-10 00:00:00,1.16287,1.16816,2300,3316,8130,1401,92697.10041647346,695966
2013-12-17 00:00:00,1.22731,1.27649,2535,3650,8888,1405,35383.97344973311,696282
2013-12-24 00:00:00,1.2071,1.29758,2522,3447,8874,1407,-10537.368086028728,683887
2013-12-31 00:00:00,1.16191,1.20612,2958,3994,10150,1937,153528.8830622438,841540
2014-01-07 00:00:00,1.30905,1.32485,3055,4437,10977,1960,-40518.85331386025,828544
2014-01-14 00:00:00,1.3707200000000002,1.41192,3442,4728,11941,2000,7183.160893318593,845727
2014-01-21 00:00:00,1.43373,1.42547,3455,4955,12292,2008,16519.208658036543,862314
2014-01-28 00:00:00,1.42791,1.43909,3632,5102,12313,2053,-2335.757103838841,855608
2014-02-04 00:00:00,1.61605,1.61532,4277,5799,13853,2058,-7565.125456955633,857601
2014-02-11 00:00:00,1.65976,1.6647299999999998,4424,5816,14062,1997,-14194.820468692342,844700
2014-02-18 00:00:00,2.05459,2.0058,4740,7322,16674,2058,-14196.21282470983,831289
2014-02-25 00:00:00,2.53541,2.62227,5432,6848,17602,2067,-176121.89552076254,671251
2014-03-04 00:00:00,2.54253,2.6074900000000003,6185,9106,22905,2097,153339.12531899707,878430
2014-03-11 00:00:00,3.60563,3.4178,7424,13050,29172,2069,22820.767058514408,853532
2014-03-18 00:00:00,4.90976,4.46555,9270,16418,37382,2016,-17224.96116822411,837119
2014-03-25 00:00:00,5.98221,6.11497,10363,13951,40533,1984,-183779.92195200687,662849
2014-04-01 00:00:00,5.47421,5.3097900000000005,9732,9406,36891,1983,19884.48359709769,694773
2014-04-08 00:00:00,4.2137400000000005,4.0789800000000005,7160,9589,31483,1958,51195.62975420151,771835
2014-04-15 00:00:00,4.21022,3.93762,7044,11966,31204,1971,13205.954335317248,792459
2014-04-22 00:00:00,4.25968,4.15076,7840,13949,33221,1966,24320.824447194464,800359
2014-04-29 00:00:00,3.97761,3.87899,7118,13159,30621,1955,-3607.7798574798503,789407
2014-05-06 00:00:00,3.634430000000001,3.45794,6656,12093,28151,1950,25530.103066286305,814097
2014-05-13 00:00:00,3.26527,3.06359,6429,10328,25218,1917,31602.84430044575,823153
2014-05-20 00:00:00,2.93083,2.82646,5537,8164,21109,1907,-58333.56655104493,746836
2014-05-27 00:00:00,2.54474,2.3599,4823,7280,19178,1934,47037.44129299675,812660
2014-06-03 00:00:00,2.47227,2.33472,4639,7116,18441,1912,-4776.450428561075,789858
2014-06-10 00:00:00,2.35665,2.21286,4710,6748,17833,1907,23578.594705513213,805881
2014-06-17 00:00:00,2.17008,2.07619,4559,6084,16695,1883,4015.3867926661615,804117
2014-06-24 00:00:00,2.04297,2.01267,4418,6003,16122,1848,2223.6789129819954,801027
2014-07-01 00:00:00,1.954,1.94192,4174,5623,14975,1819,-24180.99152709765,771143
2014-07-08 00:00:00,1.72287,1.74809,3903,4634,13733,1820,9512.785880956915,785602
2014-07-15 00:00:00,1.53694,1.50367,3448,4214,12044,1813,23655.77478516952,800974
2014-07-22 00:00:00,1.38283,1.43494,3182,4011,10860,1768,-37034.43829346064,756827
2014-07-29 00:00:00,1.46265,1.45673,3203,4280,11095,1753,-1871.196534486371,761638
2014-08-05 00:00:00,1.38934,1.42836,3106,4079,10694,1735,-8447.229879345046,748690
2014-08-12 00:00:00,1.3468,1.35297,2805,3641,9671,1688,-34758.140577476704,714799
2014-08-19 00:00:00,1.25452,1.33093,2754,3296,9024,1622,-41677.685437204666,678023
2014-08-26 00:00:00,1.21636,1.28422,2593,2714,7913,1579,-63522.33483668638,616171
2014-09-02 00:00:00,1.16734,1.13889,2211,2345,6946,1505,-26508.866891665035,609891
2014-09-09 00:00:00,1.04654,1.10343,2109,2284,6744,1455,2949.824173860834,611184
2014-09-16 00:00:00,0.943661,0.970748,1734,2046,5850,1459,3879.5890659769066,602628
2014-09-23 00:00:00,0.935046,0.998681,1897,1921,5913,1445,-16077.679121315943,592081
2014-09-30 00:00:00,0.934726,0.978057,1678,1701,5232,1417,-54336.10090208636,534938
2014-10-07 00:00:00,0.864118,0.866431,1546,1675,5116,1428,31366.863331305445,590468
2014-10-14 00:00:00,0.806535,0.827757,1487,1609,4870,1411,14502.437413590727,588337
2014-10-21 00:00:00,0.742747,0.7975720000000001,1383,1498,4626,1401,-2017.3746812696336,580010
2014-10-28 00:00:00,0.737859,0.811221,1415,1459,4605,1352,-13983.404234782793,567663
2014-11-04 00:00:00,0.743224,0.8211649999999999,1392,1590,4753,1364,16707.27385919448,578812
2014-11-11 00:00:00,0.805251,0.819435,1330,1667,4750,1340,2017.3999074897729,579668
2014-11-18 00:00:00,0.816943,0.8480409999999999,1429,1815,5173,1356,34468.70580764639,609994
2014-11-25 00:00:00,0.8145180000000001,0.888524,1687,2033,5648,1362,37188.44390183815,635661
2014-12-02 00:00:00,0.86067,0.962826,1636,2292,5963,1354,-4229.180540869944,619323
2014-12-09 00:00:00,0.886704,1.02252,1714,2169,5970,1349,-41156.4063181103,583853
2014-12-16 00:00:00,1.00845,1.08392,1993,2744,7062,1369,56983.02886876755,651524
2014-12-23 00:00:00,1.06625,1.17724,2178,2947,7704,1367,23757.221853057737,654414
2014-12-30 00:00:00,1.05995,1.1716,2170,2746,7626,1332,14.618659620755352,650904
2015-01-06 00:00:00,1.22559,1.24325,2849,3693,10049,1963,162165.40176447504,808287
2015-01-13 00:00:00,1.31066,1.3234,3016,4007,10715,1976,-43489.64268946031,809660
2015-01-20 00:00:00,1.3711,1.40399,3263,4360,11584,1995,8239.580592791317,825079
2015-01-27 00:00:00,1.39171,1.37629,3141,4148,11164,1999,-11635.987862047856,811165
2015-02-03 00:00:00,1.4371200000000002,1.46866,3563,4783,12423,2048,28695.730769671733,845875
2015-02-10 00:00:00,1.50165,1.533,3746,4725,12676,2028,-12760.881183332764,826877
2015-02-17 00:00:00,1.59805,1.60841,3960,5076,13484,2023,6561.67578435922,838344
2015-02-24 00:00:00,1.89668,1.90047,3974,4073,12158,2000,-195749.4390772904,639738
2015-03-03 00:00:00,1.67728,1.73645,4469,5076,14617,2040,130420.17028392608,841777
2015-03-10 00:00:00,1.78296,1.81945,4575,5384,14986,2020,33413.29369220464,823657
2015-03-17 00:00:00,1.87336,1.96571,5135,5105,15396,2000,-35654.550956755644,783227
2015-03-24 00:00:00,2.32148,2.42021,5377,4317,14839,1978,-184082.1171237476,613128
2015-03-31 00:00:00,2.40991,2.41083,5700,4011,15679,1949,-27652.267926847213,650356
2015-04-07 00:00:00,1.94328,1.98859,4775,4494,15654,2004,128741.69144960168,787192
2015-04-14 00:00:00,1.99796,1.98985,4574,5362,15517,2005,20331.772671639454,779809
2015-04-21 00:00:00,2.11829,2.1071,4804,5380,15661,2008,-25250.55663385673,743249
2015-04-28 00:00:00,2.25112,2.19256,5088,6882,18143,2026,69932.65066038526,827482
2015-05-05 00:00:00,2.37116,2.3001400000000003,5135,7353,18944,2007,17822.268510841182,823602
2015-05-12 00:00:00,2.80035,2.67574,5645,8434,21774,2000,-3473.397024130681,813755
2015-05-19 00:00:00,3.16475,3.02427,5997,9325,24681,1993,4262.214283349109,816098
2015-05-26 00:00:00,3.15183,3.11328,6299,10127,26423,1956,33022.05831232027,848718
2015-06-02 00:00:00,3.3321,3.3278800000000004,6619,11415,28468,1952,26105.458149995426,855439
2015-06-09 00:00:00,3.5602400000000003,3.5918,6660,11856,30481,1922,-609.4922469415469,848628
2015-06-16 00:00:00,3.05479,3.09262,5574,9334,24894,1898,-33825.61149095744,804948
2015-06-23 00:00:00,2.76732,2.78803,5187,8489,21940,1900,-21576.54735035181,786936
2015-06-30 00:00:00,2.44161,2.52371,4581,7392,19603,1832,-11577.78675868793,776752
2015-07-07 00:00:00,2.03348,2.12928,3707,6403,16769,1813,18868.11331049318,787543
2015-07-14 00:00:00,1.98593,2.05142,3572,6595,16261,1805,21698.299657643423,792672
2015-07-21 00:00:00,1.91514,1.98957,3515,6357,15437,1774,-2796.150512585067,775895
2015-07-28 00:00:00,1.69968,1.7858,3157,5557,13836,1759,752.622833717498,774777
2015-08-04 00:00:00,1.57635,1.60144,2772,4729,11870,1742,-27405.781936095445,741210
2015-08-11 00:00:00,1.3935,1.4743,2871,4046,10707,1690,-20571.319560225005,726244
2015-08-18 00:00:00,1.29941,1.42286,2688,3630,9798,1626,-32632.393729991047,688612
2015-08-25 00:00:00,1.18379,1.38196,2612,3126,8787,1439,-58400.6619730409,635835
2015-09-01 00:00:00,1.13723,1.33712,2545,2620,7997,1482,-26010.47145697009,598077
2015-09-08 00:00:00,1.04118,1.13894,2293,2313,7201,1446,10126.685952815693,632252
2015-09-15 00:00:00,0.971814,1.09641,2189,2171,6768,1440,-4274.618783638929,617287
2015-09-22 00:00:00,0.8633059999999999,0.999559,2062,1905,6024,1402,-17116.738403427065,602666
2015-09-29 00:00:00,0.8337969999999999,0.99095,1873,1810,5686,1382,-30790.49362337077,573793
2015-10-06 00:00:00,0.784516,0.931253,1646,1641,5118,1379,-32649.796405620524,549582
2015-10-13 00:00:00,0.7343270000000001,0.843118,1610,1599,5078,1392,41471.79419608158,602288
2015-10-20 00:00:00,0.6988449999999999,0.8402860000000001,1670,1621,5044,1388,16691.736176126753,600272
2015-10-27 00:00:00,0.7230989999999999,0.8300649999999999,1580,1624,4925,1393,-4128.965948708821,593327
2015-11-03 00:00:00,0.663501,0.790428,1455,1496,4596,1360,-17922.70971410314,581457
2015-11-10 00:00:00,0.69276,0.8308260000000001,1512,1639,4868,1329,5813.028657545103,585923
2015-11-17 00:00:00,0.710029,0.8567959999999999,1644,1914,5265,1345,37799.40885243495,614499
2015-11-24 00:00:00,0.834232,1.00746,1848,2364,6260,1356,15805.890290156589,621362
2015-12-01 00:00:00,0.992621,1.0586799999999998,1815,2651,6504,1354,-2981.322540467023,614349
2015-12-08 00:00:00,1.01605,1.10028,1883,2604,6623,1347,-18098.74440208671,601938
2015-12-15 00:00:00,1.07169,1.1457,2026,3073,7639,1365,62526.01649786043,666755
2015-12-22 00:00:00,1.10163,1.2189,2341,3298,8229,1363,31542.488318878342,675119
2015-12-29 00:00:00,1.18841,1.31113,2413,3334,8505,1389,-17992.022062348668,648678
2016-01-05 00:00:00,1.2019,1.27386,3110,4169,10864,1946,188181.1868945479,852842
2016-01-12 00:00:00,1.23108,1.29342,3207,4078,10997,1973,-18586.27511420345,850228
2016-01-19 00:00:00,1.26796,1.33097,3564,4452,11926,1983,41205.89530039497,896035
2016-01-26 00:00:00,1.36298,1.42662,3786,4769,12648,2006,5452.715820589685,886570
2016-02-02 00:00:00,1.48535,1.57071,4314,5287,13790,1999,-14642.652795053087,877947
2016-02-09 00:00:00,1.55954,1.65146,4703,5193,14258,1990,-19590.249281496624,863356
2016-02-16 00:00:00,1.64783,1.7330900000000002,4979,5610,15160,2000,2665.8023080051644,874739
2016-02-23 00:00:00,1.91275,2.03388,5032,4567,14208,2011,-179903.34997128823,698566
2016-03-01 00:00:00,1.81725,1.88331,5209,5655,16605,2001,114263.99816309533,881694
2016-03-08 00:00:00,1.91433,2.00292,5501,5812,16961,2013,16176.381287775352,846813
2016-03-15 00:00:00,2.21003,2.27731,5744,6724,18463,2000,-40694.70087348274,810736
2016-03-22 00:00:00,2.73568,2.91465,6653,7469,21565,1977,-92158.99218658498,739882
2016-03-29 00:00:00,3.36832,3.5491900000000003,7712,7144,24900,1928,-56900.64029407222,701569
2016-04-05 00:00:00,3.09689,3.08102,6716,6786,24178,2024,72542.92087911337,784740
2016-04-12 00:00:00,3.07346,3.01875,6020,8843,24897,1997,19740.293645601603,824746
2016-04-19 00:00:00,3.51643,3.40446,6399,12147,28781,2029,41723.21701736958,845391
2016-04-26 00:00:00,3.8027,3.52869,6958,14073,31265,2021,47301.16641141183,886023
2016-05-03 00:00:00,4.5031300000000005,4.10665,7452,17482,36517,2024,20961.33051246591,889216
2016-05-10 00:00:00,5.06308,4.7551,8110,20150,42890,2027,18764.23425447615,901978
2016-05-17 00:00:00,4.8600900000000005,4.65163,7726,18692,41035,1967,726.1891211046604,882163
2016-05-24 00:00:00,4.57916,4.57049,7649,17300,40124,1987,26305.957656249288,877892
2016-05-31 00:00:00,3.55674,3.45522,6129,12394,30183,1995,18072.91342410515,873547
2016-06-07 00:00:00,3.50417,3.29505,5854,11552,28060,1971,-17129.391629020334,851580
2016-06-14 00:00:00,3.21511,3.16426,5503,10084,25484,1958,-34265.05268862832,805370
2016-06-21 00:00:00,3.10088,3.14433,5514,11503,27354,1940,53498.6286050285,869946
2016-06-28 00:00:00,2.79056,2.87936,5145,10149,24342,1899,8554.553287945222,845397
2016-07-05 00:00:00,2.38547,2.36977,4488,8178,19677,1906,-3826.712951299385,830332
2016-07-12 00:00:00,1.9703,1.93853,3909,5847,15548,1861,-29147.404024765245,802052
2016-07-19 00:00:00,1.73442,1.64064,3306,4683,13006,1845,-6298.862235585111,792740
2016-07-26 00:00:00,1.56303,1.4752,2997,4497,11924,1846,16265.014858605457,808298
2016-08-02 00:00:00,1.4128,1.37755,2890,4105,10762,1795,-19210.113510790863,781240
2016-08-09 00:00:00,1.27492,1.33771,2751,3831,10202,1767,-16070.27596620738,762648
2016-08-16 00:00:00,1.2834,1.34686,2685,3518,9809,1746,-34599.22246613004,728288
2016-08-23 00:00:00,1.1666299999999998,1.26579,2341,3060,8564,1614,-58626.3223955899,676574
2016-08-30 00:00:00,1.10977,1.25701,2311,2575,7756,1569,-60173.867462335154,617021
2016-09-06 00:00:00,1.04333,1.16048,2412,2377,7510,1493,16529.992983635748,647145
2016-09-13 00:00:00,0.905151,1.04834,2049,2099,6636,1470,4411.399089822429,633003
2016-09-20 00:00:00,0.902718,0.992711,1930,1971,6240,1469,-8280.313885534066,628582
2016-09-27 00:00:00,0.8595309999999999,0.961603,1771,1748,5596,1422,-46580.7219784609,581945
2016-10-04 00:00:00,0.818998,0.955818,1728,1564,5326,1456,-36981.23973406595,557219
2016-10-11 00:00:00,0.752505,0.8275969999999999,1545,1578,4961,1405,25003.63363964669,599446
2016-10-18 00:00:00,0.731146,0.811886,1549,1421,4747,1384,5620.602745399461,584688
2016-10-25 00:00:00,0.733295,0.818527,1576,1515,4879,1377,13057.869478669483,596071
2016-11-01 00:00:00,0.73102,0.829758,1529,1485,4899,1390,-1064.348180287052,590413
2016-11-08 00:00:00,0.68834,0.8285030000000001,1559,1481,4915,1386,-991.8192062637536,593239
2016-11-15 00:00:00,0.732049,0.8858959999999999,1603,1691,5230,1350,-385.2910257204203,590363
2016-11-22 00:00:00,0.911188,1.05351,1964,2549,6653,1379,46522.108994727256,631507
2016-11-29 00:00:00,1.02105,1.11768,2076,2726,7133,1370,18920.74390041607,638196
2016-12-06 00:00:00,1.09495,1.14028,2073,2488,7072,1384,-14962.91910297051,620201
2016-12-13 00:00:00,1.09475,1.13326,2372,2942,8304,1485,103356.3176380226,732755
2016-12-20 00:00:00,1.09775,1.17589,2544,3075,8563,1484,22197.53670932981,728214
2016-12-27 00:00:00,1.18882,1.23848,2840,3201,9079,1468,6611.457795433002,733077
2017-01-03 00:00:00,1.26589,1.2802,3849,4556,12839,2220,272121.9210725699,1002892
2017-01-10 00:00:00,1.30479,1.33123,4118,4453,13267,2245,-28970.44907146995,996595
2017-01-17 00:00:00,1.34075,1.40786,4408,4993,14319,2266,14129.429209463997,1017076
2017-01-24 00:00:00,1.51674,1.5722,5006,5531,15832,2266,-9876.17676404689,1006998
2017-01-31 00:00:00,1.74583,1.7032599999999998,5219,6134,17069,2222,-8294.708767914213,1002140
2017-02-07 00:00:00,1.88708,1.86636,6126,6671,19057,2288,13914.32831632218,1021079
2017-02-14 00:00:00,2.05923,2.07647,6880,7577,21892,2296,28249.40656274848,1054290
2017-02-21 00:00:00,2.27971,2.33593,6945,5875,19816,2271,-204197.510318439,848314
2017-02-28 00:00:00,2.28379,2.24637,7008,7474,23752,2279,133155.58169661625,1057350
2017-03-07 00:00:00,2.58278,2.49504,7229,8488,24955,2272,-4361.027216247632,1000183
2017-03-14 00:00:00,3.3655800000000005,3.2005,8285,11259,31502,2262,-25285.03294843866,984283
2017-03-21 00:00:00,4.73117,4.43807,10447,14166,42782,2211,-34576.92390911537,963978
2017-03-28 00:00:00,5.70943,5.46361,11335,11540,45255,2132,-135192.92693701806,828299
2017-04-04 00:00:00,5.746580000000001,5.35765,9410,11717,47269,2243,25313.057392692197,882271
2017-04-11 00:00:00,5.89207,5.524369999999999,10053,17357,56761,2257,105994.68171733,1027466
2017-04-18 00:00:00,6.51759,6.345280000000001,11997,21897,63036,2286,12546.789054824156,993431
2017-04-25 00:00:00,7.16338,7.018110000000001,13408,30625,77326,2288,100945.1284533122,1101807
2017-05-02 00:00:00,7.52133,7.7809,14844,37200,85985,2275,5454.69775222498,1105078
2017-05-09 00:00:00,7.38748,7.76939,15192,38606,87825,2299,61496.78205501009,1130397
2017-05-16 00:00:00,6.44688,6.8117600000000005,13365,32124,76210,2227,32374.72927662055,1118800
2017-05-23 00:00:00,4.95881,5.15749,10154,20450,53025,2272,-15535.732092330232,1028116
2017-05-30 00:00:00,3.68612,3.55945,7208,13392,36064,2208,16378.759261397645,1013191
2017-06-06 00:00:00,3.18626,3.00518,6368,10850,29133,2214,-19032.93303229357,969427
2017-06-13 00:00:00,2.76894,2.73038,5588,9468,25938,2201,-14818.242695371157,949978
2017-06-20 00:00:00,2.48706,2.47768,5223,8640,23805,2180,16433.697878568433,960779
2017-06-27 00:00:00,2.40802,2.36314,4721,7214,20693,2144,-62570.01745671523,875658
2017-07-04 00:00:00,2.07483,2.03139,4553,6218,19074,2127,44999.05983800127,938963
2017-07-11 00:00:00,1.77898,1.80376,4145,5505,16664,2086,11119.159036003752,923848
2017-07-18 00:00:00,1.61487,1.58696,3856,5269,14869,2112,20968.506481260178,936950
2017-07-25 00:00:00,1.5385,1.53801,3723,5336,14552,2088,9010.713717941891,946160
2017-08-01 00:00:00,1.52612,1.44974,3658,4815,13291,2018,-16330.323914000648,916783
2017-08-08 00:00:00,1.28847,1.27729,3444,4133,11619,1933,-2553.93720787426,909661
2017-08-15 00:00:00,1.18344,1.22051,3359,3764,11066,1977,8823.72726980946,906668
2017-08-22 00:00:00,1.24919,1.23235,3385,3429,10646,1896,-46839.72755894333,863879
2017-08-29 00:00:00,1.14131,1.223,3220,2987,9608,1802,-82385.56482508802,785606
2017-09-05 00:00:00,0.9878,1.0473,2847,2552,8693,1798,24980.934106668457,830040
2017-09-12 00:00:00,0.8955649999999999,0.978113,2375,2245,7573,1753,-41250.75168953196,774246
2017-09-19 00:00:00,0.8922040000000001,0.947548,2312,2162,7373,1773,-6417.778082830715,778114
2017-09-26 00:00:00,0.877184,0.867554,2206,1916,6947,1736,20919.458915614872,800757
2017-10-03 00:00:00,0.780203,0.8232799999999999,2009,1862,6258,1780,-26263.538889416377,760130
2017-10-10 00:00:00,0.725075,0.771497,1943,1901,6501,1785,57854.68094429968,842647
2017-10-17 00:00:00,0.68247,0.706819,1741,1720,5786,1748,9590.479159964598,818597
2017-10-24 00:00:00,0.640393,0.6851550000000001,1665,1643,5497,1741,-14396.627577090752,802300
2017-10-31 00:00:00,0.639127,0.687351,1618,1769,5612,1724,9111.616857907036,816468
2017-11-07 00:00:00,0.705637,0.735733,1726,1784,5861,1690,-9872.998633684474,796621
2017-11-14 00:00:00,0.707801,0.806048,1986,2170,6537,1725,13901.052460065112,810994
2017-11-21 00:00:00,0.822659,0.944013,2239,2468,7323,1610,-36656.50772658351,775731
2017-11-28 00:00:00,0.859864,0.960101,2445,2830,8111,1681,73564.79077192617,844807
2017-12-05 00:00:00,1.10083,1.14128,2814,3343,9530,1710,2570.46050654829,835027
2017-12-12 00:00:00,1.15323,1.14784,2773,3660,10065,1708,35340.41782776185,876862
2017-12-19 00:00:00,1.2017799999999998,1.31156,3242,3949,11189,1684,-13467.747962226977,853109
2017-12-26 00:00:00,1.2498,1.26102,3481,4198,11767,1710,83472.97298120288,933130
2018-01-02 00:00:00,1.41876,1.41974,4887,6341,17975,2611,352413.714382263,1266076
2018-01-09 00:00:00,1.40077,1.473,5332,6279,18652,2651,-16545.628336516675,1266257
2018-01-16 00:00:00,1.47139,1.58968,5589,6802,19948,2623,-14714.779201293131,1254844
2018-01-23 00:00:00,1.63634,1.7220799999999998,6249,7487,21634,2678,-1380.0281709521078,1256271
2018-01-30 00:00:00,1.79125,1.84114,6869,8291,23169,2666,-6651.217885714723,1258405
2018-02-06 00:00:00,1.86871,1.92692,7509,8451,24085,2672,-15003.502620091896,1249921
2018-02-13 00:00:00,1.98121,2.0852,7821,8076,24419,2665,-87646.8850337225,1171062
2018-02-20 00:00:00,2.23487,2.40063,8607,7197,24635,2618,-178465.94534939015,1026187
2018-02-27 00:00:00,2.1457200000000003,2.24479,8890,8788,29096,2666,216279.2732178748,1296156
2018-03-06 00:00:00,2.2513400000000003,2.29962,8809,9276,28377,2658,4687.021925018402,1233986
2018-03-13 00:00:00,2.6411,2.73181,10156,11376,33113,2650,-31343.742838262115,1212127
2018-03-20 00:00:00,3.13478,3.24012,11515,12816,38260,2596,-48067.79535057908,1180820
2018-03-27 00:00:00,3.96538,4.18077,13615,12044,44012,2581,-141774.5980814281,1052725
2018-04-03 00:00:00,3.45972,3.63095,11686,9572,42135,2630,65207.99250191031,1160440
2018-04-10 00:00:00,3.07558,3.13643,9369,10758,38815,2656,71162.10607490526,1237552
2018-04-17 00:00:00,3.3258,3.3621300000000005,9703,14265,41199,2658,24990.286742859756,1225384
2018-04-24 00:00:00,3.797730000000001,3.88115,10765,16965,46241,2677,-25393.82142616366,1191426
2018-05-01 00:00:00,4.34227,4.52235,11628,22217,55264,2668,20283.283772765197,1222020
2018-05-08 00:00:00,4.86953,5.20091,13899,29772,69732,2673,129328.5909473484,1340765
2018-05-15 00:00:00,5.0368900000000005,5.42034,14246,29255,70056,2655,-29.154329035431147,1292464
2018-05-22 00:00:00,4.8812,5.27078,13634,26502,66461,2655,-5309.961588863749,1260932
2018-05-29 00:00:00,4.54791,4.58991,11647,23468,58802,2658,49411.13737043901,1281115
2018-06-05 00:00:00,4.3762,4.39714,11168,21760,55431,2637,12638.030453583458,1260615
2018-06-12 00:00:00,4.22692,4.12777,10986,20081,53177,2646,69413.30251718825,1288273
2018-06-19 00:00:00,3.68251,3.5027800000000004,9721,16800,45668,2653,48073.39278463833,1303765
2018-06-26 00:00:00,3.0855900000000003,3.04819,8644,13642,37948,2619,-29481.241154564777,1244935
2018-07-03 00:00:00,2.69831,2.67984,7606,11768,32941,2620,-362.55028700991534,1229217
2018-07-10 00:00:00,2.28676,2.26612,6754,10005,27854,2568,9771.696789663052,1229148
2018-07-17 00:00:00,2.01217,1.96484,6325,7904,23147,2542,-22493.67494525248,1178058
2018-07-24 00:00:00,1.71323,1.7220099999999998,5698,6621,20610,2516,19902.26483264356,1196855
2018-07-31 00:00:00,1.5667799999999998,1.5728,5369,6207,18864,2485,18792.70380535582,1199386
2018-08-07 00:00:00,1.49827,1.45718,4789,5906,17107,2444,-8594.780492065242,1173980
2018-08-14 00:00:00,1.49961,1.50332,4649,5530,16459,2336,-79744.63992426451,1094840
2018-08-21 00:00:00,1.42123,1.40257,4601,5234,15763,2224,24927.495317116613,1123869
2018-08-28 00:00:00,1.39258,1.4035799999999998,4442,4660,14776,2196,-40670.02498649317,1052737
2018-09-04 00:00:00,1.21697,1.23749,3937,4115,13451,2258,14831.992039241595,1086961
2018-09-11 00:00:00,1.11266,1.12161,3506,3741,12106,2206,-7266.1423587300815,1079343
2018-09-18 00:00:00,0.991888,1.01276,3056,3288,10695,2159,-9939.15488321334,1056024
2018-09-25 00:00:00,0.946401,0.959768,2955,3117,10027,2084,-9042.105069038693,1044732
2018-10-02 00:00:00,0.8746950000000001,0.8789170000000001,2512,2726,8722,2154,-39282.20526109589,992358
2018-10-09 00:00:00,0.8091689999999999,0.794181,2346,2661,8425,2111,34485.24235830689,1060841
2018-10-16 00:00:00,0.75452,0.7663939999999999,2222,2571,8116,2154,35711.35807187506,1058986
2018-10-23 00:00:00,0.7329829999999999,0.748613,2138,2466,7787,2140,-19173.792876826366,1040191
2018-10-30 00:00:00,0.725811,0.757116,2354,2438,7884,2151,-2480.2041930838022,1041320
2018-11-06 00:00:00,0.754209,0.770094,2102,2392,8060,2167,5181.243449425092,1046625
2018-11-13 00:00:00,0.729672,0.833506,2634,2831,8994,2200,29937.07630797173,1079056
2018-11-20 00:00:00,0.839875,0.94034,2911,3503,10103,2170,8587.40173462662,1074399
2018-11-27 00:00:00,0.989358,1.08197,3428,4244,11904,2193,23542.7394531616,1100212
2018-12-04 00:00:00,1.1354,1.20216,3810,4548,13188,2217,1547.7112010566052,1097022
2018-12-11 00:00:00,1.23124,1.27291,3912,5502,14843,2247,62604.66391836316,1166071
2018-12-18 00:00:00,1.24448,1.3881,4469,5678,16001,2224,4860.847911117133,1152730
2018-12-25 00:00:00,1.3379,1.49515,4981,6121,17453,2211,23003.691418509465,1167311
2019-01-01 00:00:00,1.49002,1.50284,6219,7658,21916,2912,295897.9975019966,1458307
2019-01-08 00:00:00,1.59192,1.59764,6550,7638,22954,2942,-30026.64992363541,1436748
2019-01-15 00:00:00,1.72572,1.73931,7287,8292,24886,2966,-17889.238144578645,1430800
2019-01-22 00:00:00,1.83419,1.86039,7892,9349,27419,2997,31582.76488927123,1473831
2019-01-29 00:00:00,2.04008,2.01412,8658,10068,28910,3005,-33577.24197994452,1435369
2019-02-05 00:00:00,2.39351,2.36364,10557,12551,34586,3022,7013.863447980955,1463253
2019-02-12 00:00:00,2.63251,2.64428,11446,13671,37732,2991,-45504.206707548816,1426928
2019-02-19 00:00:00,2.89941,2.97387,12716,17058,44161,2987,32875.889469194924,1484969
2019-02-26 00:00:00,3.41501,3.4538900000000003,14444,14821,44044,2993,-199073.4820990441,1275199
2019-03-05 00:00:00,3.2579,3.31281,13852,16397,48904,2995,131600.11223403155,1476208
2019-03-12 00:00:00,3.94308,3.86928,14728,21877,56444,2958,16938.772392754676,1458774
2019-03-19 00:00:00,5.06435,5.02613,18001,29182,71594,2926,-21232.34134188248,1424436
2019-03-26 00:00:00,7.061610000000001,7.15315,24097,34004,95757,2917,-106984.96391911386,1338669
2019-04-02 00:00:00,5.90066,6.21936,21594,23392,88731,2970,62694.63558801077,1426691
2019-04-09 00:00:00,4.9402,5.06711,15564,22756,75614,3002,86632.98979289527,1492251
2019-04-16 00:00:00,5.33135,5.35768,16587,29668,79783,2995,46392.63777933736,1489132
2019-04-23 00:00:00,6.07822,6.02274,18574,35275,90150,2997,37523.80879297457,1496826
2019-04-30 00:00:00,6.74724,6.8727100000000005,20299,44117,108307,2995,91946.8104404984,1575900
2019-05-07 00:00:00,6.80157,7.08558,20270,45513,111361,3005,40359.93499258347,1571657
2019-05-14 00:00:00,6.11292,6.220680000000001,17393,36909,95418,2969,28700.303007650888,1533883
2019-05-21 00:00:00,5.52513,5.619680000000001,15330,28531,80559,2984,-9344.41182305431,1433517
2019-05-28 00:00:00,5.12333,5.10268,13820,25490,74823,2947,85770.018447713,1466346
2019-06-04 00:00:00,5.26652,5.289280000000001,13888,26396,78779,2913,74742.99830203038,1489410
2019-06-11 00:00:00,5.66932,6.28745,14154,27756,89607,2847,-7593.041393858846,1425172
2019-06-18 00:00:00,6.3802900000000005,7.35285,10790,17512,78584,2810,-313210.9454691461,1068755
2019-06-25 00:00:00,4.916919999999999,6.22687,5129,8322,53142,2738,-219370.1023420973,853431
2019-07-02 00:00:00,3.78625,4.82995,2359,4852,36251,2696,-133450.89075970848,750546
2019-07-09 00:00:00,2.8012200000000003,3.47366,1496,3426,24974,2698,-64767.07915300748,718953
2019-07-16 00:00:00,2.12907,2.57391,1068,2667,18274,2679,-47704.15732167475,709970
2019-07-23 00:00:00,1.73315,2.02032,926,2317,15164,2663,23993.19624067319,750576
2019-07-30 00:00:00,1.40939,1.6211,864,2098,12821,2635,52281.42301323824,790883
2019-08-06 00:00:00,1.18657,1.35218,720,1883,11058,2624,47372.754476540606,817791
2019-08-13 00:00:00,1.11444,1.23805,788,1960,10480,2613,43016.24571253429,846493
2019-08-20 00:00:00,1.00711,1.07708,900,2221,11416,2963,231456.6721979431,1059901
2019-08-27 00:00:00,0.8898780000000001,0.887647,805,1893,9605,2946,55424.3178129521,1082074
2019-09-03 00:00:00,0.815858,0.8209780000000001,801,1967,9318,2925,77997.02000057232,1134988
2019-09-10 00:00:00,0.837779,0.814955,878,2139,9572,2899,69574.4083203678,1174543
2019-09-17 00:00:00,0.929189,0.951491,1005,2679,11866,2935,104881.70773511194,1247096
2019-09-24 00:00:00,1.13871,1.20333,1212,3487,15490,2892,74823.66008979455,1287264
2019-10-01 00:00:00,1.27591,1.38465,1394,3965,17826,2888,39550.77107183682,1287401
2019-10-08 00:00:00,1.34978,1.47371,1544,4092,20043,2913,86014.54544931976,1360037
2019-10-15 00:00:00,1.34436,1.43806,1657,4070,19250,2887,13465.71760403621,1338613
2019-10-22 00:00:00,1.22126,1.21924,1634,3554,16523,2948,20586.500631199684,1355190
2019-10-29 00:00:00,1.15381,1.1519,1608,3493,15514,2986,-15462.39706453099,1346820
2019-11-05 00:00:00,1.0649,1.05776,1570,3268,14103,2945,-21807.979622519808,1333292
2019-11-12 00:00:00,0.979173,0.980887,1587,3141,13131,2965,10439.70082041202,1338686
2019-11-19 00:00:00,0.967664,0.959772,1804,3263,12900,2923,8524.399685905548,1344069
2019-11-26 00:00:00,1.00158,0.972423,1864,3942,13138,2957,18578.698696256848,1351058
2019-12-03 00:00:00,0.917339,0.915323,1766,3574,12232,2907,-18834.102738936665,1336359
2019-12-10 00:00:00,1.02954,0.97981,1995,3806,13001,2894,51.31168924900703,1326890
2019-12-17 00:00:00,0.975797,0.956785,2068,3609,13005,2921,36189.51148681529,1359239
2019-12-24 00:00:00,1.0586,1.0348,2273,4311,14457,2919,49136.6026974821,1397083
2019-12-31 00:00:00,1.08369,1.0713,2460,4710,16493,3318,163179.858878833,1539527
2020-01-07 00:00:00,1.2079799999999998,1.18587,2553,5248,19156,3351,74083.87445902056,1615360
2020-01-14 00:00:00,1.10574,1.08922,2305,4611,17233,3335,6384.330327106873,1582135
2020-01-21 00:00:00,1.1882700000000002,1.14924,2445,4855,18150,3356,-401.5956100209151,1579306
2020-01-28 00:00:00,1.25309,1.18999,2517,4929,18607,3451,-12284.239549238237,1563623
2020-02-04 00:00:00,1.44223,1.33645,2727,5851,21401,3453,29777.295791139823,1601333
2020-02-11 00:00:00,1.48489,1.37774,2775,5546,22603,3423,70631.0097603791,1640587
2020-02-18 00:00:00,1.55053,1.42728,2689,5346,22695,3362,21101.6908510793,1590088
2020-02-25 00:00:00,1.60937,1.4964,2483,4579,21297,3366,-146166.43109507277,1423220
2020-03-03 00:00:00,1.56746,1.44898,2603,4868,22270,3368,-33883.33534005005,1536943
2020-03-10 00:00:00,1.52214,1.43002,2566,4721,22203,3386,-20337.982057947436,1552636
2020-03-17 00:00:00,1.50787,1.39865,2482,4278,20865,3325,-83691.45987712825,1491798
2020-03-24 00:00:00,1.55631,1.45757,2323,3563,19840,3329,-217024.7428803188,1361170
2020-03-31 00:00:00,1.5924,1.53951,2585,3934,22433,3307,-123860.78048343211,1457151
2020-04-07 00:00:00,1.4767,1.43551,2413,4546,22702,3336,-2440.756388042122,1581455
2020-04-14 00:00:00,1.29451,1.26458,2380,4055,19186,3313,-69606.69276005449,1517183
2020-04-21 00:00:00,1.2526,1.21119,2566,4049,18337,3338,-75656.38494185917,1513962
2020-04-28 00:00:00,1.10043,1.1221,2558,3937,16877,3344,-88239.35852375068,1504061
2020-05-05 00:00:00,1.17828,1.08335,2632,3997,16033,3310,-114814.76999626076,1479946
2020-05-12 00:00:00,1.02473,0.977093,2554,3726,14054,3260,-158589.52193396143,1438348
2020-05-19 00:00:00,0.990461,0.909742,2317,3143,12567,3261,-217400.44628416235,1381381
2020-05-26 00:00:00,0.862614,0.8613219999999999,2534,3525,13244,3271,-62618.036990932655,1537636
2020-06-02 00:00:00,0.839059,0.846722,2756,3528,12913,3258,-76267.30783868092,1525058
2020-06-09 00:00:00,0.895958,0.908885,3203,3778,13979,3254,-63934.57100145984,1538038
2020-06-16 00:00:00,0.910926,0.941625,3478,3796,14389,3177,-74076.85300577013,1528103
2020-06-23 00:00:00,0.946945,0.972185,3734,3818,14999,3066,-59124.4529775409,1542813
2020-06-30 00:00:00,0.963716,1.01376,3955,3843,15307,3027,-91313.37512514112,1509928
